Pasta Fagioli,Bertolli® Classico Olive Oil
Pasta Fagioli,pancett
Pasta Fagioli,onions
Pasta Fagioli,carrots
Pasta Fagioli,chicken broth
Pasta Fagioli,Bertolli Organic Olive Oil, Basil & Garlic Sauce
Pasta Fagioli,white cannellini beans
Pasta Fagioli,pasta shell small
Coconut Curry Shrimp Ramen Bowl,olive oil
Coconut Curry Shrimp Ramen Bowl,onions
Coconut Curry Shrimp Ramen Bowl,bell pepper
Coconut Curry Shrimp Ramen Bowl,garli
Coconut Curry Shrimp Ramen Bowl,red curry paste
Coconut Curry Shrimp Ramen Bowl,lower sodium chicken broth
Coconut Curry Shrimp Ramen Bowl,coconut milk
Coconut Curry Shrimp Ramen Bowl,large shrimp
Coconut Curry Shrimp Ramen Bowl,ramen noodles
Coconut Curry Shrimp Ramen Bowl,lime
Coconut Curry Shrimp Ramen Bowl,chopped cilantro
Quick & Easy 4 Ingredient Broccoli Cheese Soup,broccoli
Quick & Easy 4 Ingredient Broccoli Cheese Soup,cream of chicken soup
Quick & Easy 4 Ingredient Broccoli Cheese Soup,milk
Quick & Easy 4 Ingredient Broccoli Cheese Soup,shredded cheddar cheese
Chicken Noodle Soup,chicken stock
Chicken Noodle Soup,celery
Chicken Noodle Soup,large carrots
Chicken Noodle Soup,zucchini
Beef and Guinness Stew,chuck roast
Beef and Guinness Stew,flour
Beef and Guinness Stew,salt
Beef and Guinness Stew,pepper
Beef and Guinness Stew,canola oil
Beef and Guinness Stew,onions
Beef and Guinness Stew,beef broth
Beef and Guinness Stew,garli
Beef and Guinness Stew,Guinness Beer
Beef and Guinness Stew,fresh thyme
Beef and Guinness Stew,bay leaves
Beef and Guinness Stew,carrots
Beef and Guinness Stew,celery
Beef and Guinness Stew,water
Beef and Guinness Stew,tomato paste
Pumpkin Ginger Soup,roast
Pumpkin Ginger Soup,chicken stock
Pumpkin Ginger Soup,coconut milk
Pumpkin Ginger Soup,stevi
Pumpkin Ginger Soup,lemon juice
Pumpkin Ginger Soup,ginger
Butternut Squash Apple Soup,olive oil
Butternut Squash Apple Soup,onions
Butternut Squash Apple Soup,butternut squash
Butternut Squash Apple Soup,apples
Butternut Squash Apple Soup,ground cinnamon
Butternut Squash Apple Soup,chicken stock
Roasted Cauliflower Soup,cauliflower
Roasted Cauliflower Soup,olive oil
Roasted Cauliflower Soup,sea salt
Roasted Cauliflower Soup,onions
Roasted Cauliflower Soup,water
30-Minute Cheese Tortellini Soup,butter
30-Minute Cheese Tortellini Soup,carrots
30-Minute Cheese Tortellini Soup,celery ribs
30-Minute Cheese Tortellini Soup,onions
30-Minute Cheese Tortellini Soup,garlic cloves
30-Minute Cheese Tortellini Soup,chicken stock
30-Minute Cheese Tortellini Soup,cheese tortellini
Healing Asian Soup with Ginger,homemade chicken stock
Healing Asian Soup with Ginger,fresh ginger root
Healing Asian Soup with Ginger,sliced mushrooms
Healing Asian Soup with Ginger,spinach leaves
Healing Asian Soup with Ginger,green onions
Thai Coconut Pumpkin Soup,unsalted butter
Thai Coconut Pumpkin Soup,onions
Thai Coconut Pumpkin Soup,garli
Thai Coconut Pumpkin Soup,curry powder
Thai Coconut Pumpkin Soup,pumpkin purée
Thai Coconut Pumpkin Soup,chicken stock
Thai Coconut Pumpkin Soup,unsweetened coconut milk
Thai Coconut Pumpkin Soup,sour cream
Thai Coconut Pumpkin Soup,pumpkin seeds
Matzo Ball Soup,large eggs
Matzo Ball Soup,sea salt
Matzo Ball Soup,pepper
Matzo Ball Soup,blanched almond flour
Matzo Ball Soup,chicken stock
Simply Perfect Roasted Butternut Squash Soup,butternut squash
Simply Perfect Roasted Butternut Squash Soup,butter
Simply Perfect Roasted Butternut Squash Soup,diced onions
Simply Perfect Roasted Butternut Squash Soup,chicken stock
Simply Perfect Roasted Butternut Squash Soup,cinnamon
Simply Perfect Roasted Butternut Squash Soup,maple syrup
Simply Perfect Roasted Butternut Squash Soup,cream
Tomato-Basil Soup,extra-virgin olive oil
Tomato-Basil Soup,onions
Tomato-Basil Soup,garli
Tomato-Basil Soup,plum tomatoes
Tomato-Basil Soup,low sodium tomato juice
Tomato-Basil Soup,ground black pepper
Tomato-Basil Soup,salt
Tomato-Basil Soup,crushed red pepper
Tomato-Basil Soup,dried oregano
Tomato-Basil Soup,basil leaves
Tomato-Basil Soup,cream
Greek Lemon Chicken Soup,chicken broth
Greek Lemon Chicken Soup,olive oil
Greek Lemon Chicken Soup,garli
Greek Lemon Chicken Soup,sweet onion
Greek Lemon Chicken Soup,lemon
Greek Lemon Chicken Soup,boneless skinless chicken breasts
Greek Lemon Chicken Soup,pearl couscous
Greek Lemon Chicken Soup,crushed red pepper
Greek Lemon Chicken Soup,feta cheese crumbles
Greek Lemon Chicken Soup,chives
Greek Lemon Chicken Soup,salt
Greek Lemon Chicken Soup,pepper
Cauliflower Chowder,cauliflower
Cauliflower Chowder,garlic cloves
Cauliflower Chowder,onions
Cauliflower Chowder,carrots
Cauliflower Chowder,celery ribs
Cauliflower Chowder,chicken stock
Cauliflower Chowder,coconut milk
Cauliflower Chowder,ground cumin
Cauliflower Chowder,ground turmeri
Cauliflower Chowder,ground coriander
Cauliflower Chowder,fresh dill
Cauliflower Chowder,bacon slices
Cauliflower Chowder,cooking fat
Cauliflower Chowder,ground black pepper
Cauliflower Chowder,sea salt
Cauliflower Leek Soup,extra-virgin olive oil
Cauliflower Leek Soup,onions
Cauliflower Leek Soup,garli
Cauliflower Leek Soup,chili powder
Cauliflower Leek Soup,cauliflower
Cauliflower Leek Soup,leeks
Cauliflower Leek Soup,water
Cauliflower Leek Soup,lemon juice
Cauliflower Leek Soup,fresh thyme
Cauliflower Leek Soup,sea salt
Cauliflower Leek Soup,pepper
Cauliflower Leek Soup,roasted almonds
Slow Cooker Sausage, Kale, and Tortellini Soup,turkey sausage
Slow Cooker Sausage, Kale, and Tortellini Soup,onions
Slow Cooker Sausage, Kale, and Tortellini Soup,garli
Slow Cooker Sausage, Kale, and Tortellini Soup,crushed tomatoes
Slow Cooker Sausage, Kale, and Tortellini Soup,chicken broth
Slow Cooker Sausage, Kale, and Tortellini Soup,water
Slow Cooker Sausage, Kale, and Tortellini Soup,wine
Slow Cooker Sausage, Kale, and Tortellini Soup,cheese tortellini
Slow Cooker Sausage, Kale, and Tortellini Soup,kale
Slow Cooker Sausage, Kale, and Tortellini Soup,fresh basil
Lemon Chickpea Orzo Soup,olive oil
Lemon Chickpea Orzo Soup,onions
Lemon Chickpea Orzo Soup,carrots
Lemon Chickpea Orzo Soup,celery ribs
Lemon Chickpea Orzo Soup,garlic cloves
Lemon Chickpea Orzo Soup,dried thyme
Lemon Chickpea Orzo Soup,vegetable broth
Lemon Chickpea Orzo Soup,chickpeas
Lemon Chickpea Orzo Soup,rosemary
Lemon Chickpea Orzo Soup,orzo
Lemon Chickpea Orzo Soup,bay leaf
Lemon Chickpea Orzo Soup,fresh lemon juice
Lentil Vegetable Soup,onions
Lentil Vegetable Soup,carrots
Lentil Vegetable Soup,potatoes
Lentil Vegetable Soup,brown lentils
Lentil Vegetable Soup,roasted tomatoes
Lentil Vegetable Soup,vegetable broth
Lentil Vegetable Soup,spinach
Lentil Vegetable Soup,salt
Lentil Vegetable Soup,pepper
Broccoli Cheddar Soup,unsalted butter
Broccoli Cheddar Soup,onions
Broccoli Cheddar Soup,garlic cloves
Broccoli Cheddar Soup,all-purpose flour
Broccoli Cheddar Soup,half & half
Broccoli Cheddar Soup,vegetable broth
Broccoli Cheddar Soup,bay leaf
Broccoli Cheddar Soup,kosher salt
Broccoli Cheddar Soup,freshly ground pepper
Broccoli Cheddar Soup,broccoli
Broccoli Cheddar Soup,large carrots
Broccoli Cheddar Soup,sharp cheddar cheese
3 Ingredient Black Bean Soup,black beans
3 Ingredient Black Bean Soup,chicken broth
3 Ingredient Black Bean Soup,diced tomatoes
Coconut Chicken Soup,chicken stock
Coconut Chicken Soup,ginger
Coconut Chicken Soup,coconut milk
Coconut Chicken Soup,fish sauce
Coconut Chicken Soup,chicken
Coconut Chicken Soup,mushrooms
Coconut Chicken Soup,medium carrot
Coconut Chicken Soup,lime juice
Coconut Chicken Soup,fresh cilantro
Strawberry Melon Gazpacho,melon
Strawberry Melon Gazpacho,cucumber
Strawberry Melon Gazpacho,extra-virgin olive oil
Strawberry Melon Gazpacho,salt
Hearty Tuscan soup,olive oil
Hearty Tuscan soup,onions
Hearty Tuscan soup,garlic cloves
Hearty Tuscan soup,low sodium chicken broth
Hearty Tuscan soup,water
Hearty Tuscan soup,navy beans
Hearty Tuscan soup,diced tomatoes
Hearty Tuscan soup,kale
Hearty Tuscan soup,croutons
Hearty Tuscan soup,fresh basil
Hearty Tuscan soup,grated parmesan cheese
Easy Taco Soup,great northern beans
Easy Taco Soup,diced tomatoes
Easy Taco Soup,mexicorn
Easy Taco Soup,water
Easy Taco Soup,chili powder
Easy Taco Soup,parsley flakes
Easy Taco Soup,ground cumin
Easy Taco Soup,dried oregano
Easy Taco Soup,garlic powder
Easy Taco Soup,onion powder
Easy Taco Soup,kosher salt
Easy Taco Soup,ground pepper
Easy Taco Soup,tortilla chips
Easy Taco Soup,sour cream
Easy Taco Soup,grating cheese
Easy Taco Soup,nonfat greek yogurt
Easy Taco Soup,chopped cilantro
Easy Taco Soup,avocado
Broccoli Soup,olive oil
Broccoli Soup,onions
Broccoli Soup,broccoli
Broccoli Soup,water
Broccoli Soup,sea salt
10 Minute Southwest Chicken Soup,chicken broth
10 Minute Southwest Chicken Soup,frozen corn
10 Minute Southwest Chicken Soup,black beans
10 Minute Southwest Chicken Soup,tomatoes
10 Minute Southwest Chicken Soup,chicken fillets
10 Minute Southwest Chicken Soup,diced chicken
10 Minute Southwest Chicken Soup,garlic powder
10 Minute Southwest Chicken Soup,cumin
10 Minute Southwest Chicken Soup,kosher salt
10 Minute Southwest Chicken Soup,freshly ground black pepper
10 Minute Southwest Chicken Soup,cayenne pepper
10 Minute Southwest Chicken Soup,shredded cheese
Tomato Bisque,unsalted butter
Tomato Bisque,onions
Tomato Bisque,canned tomatoes
Tomato Bisque,heavy whipping cream
Tomato Bisque,sea salt
Mushroom Farro Soup,dried mushrooms
Mushroom Farro Soup,oil
Mushroom Farro Soup,onions
Mushroom Farro Soup,medium carrot
Mushroom Farro Soup,garli
Mushroom Farro Soup,mushrooms
Mushroom Farro Soup,farro
Mushroom Farro Soup,salt
Mushroom Farro Soup,dry sherry
Mushroom Farro Soup,tomato paste
Mushroom Farro Soup,pepper
Mushroom Farro Soup,sherry vinegar
Aztec Chicken & Corn Soup,water
Aztec Chicken & Corn Soup,knorr reduc sodium chicken flavor bouillon cube
Aztec Chicken & Corn Soup,boneless skinless chicken breast halves
Aztec Chicken & Corn Soup,vegetable oil
Aztec Chicken & Corn Soup,frozen whole kernel corn
Aztec Chicken & Corn Soup,onions
Aztec Chicken & Corn Soup,zucchini
Aztec Chicken & Corn Soup,cornmeal
Aztec Chicken & Corn Soup,chopped fresh cilantro
Aztec Chicken & Corn Soup,lime juice
Gabrielle's Simple Tomato and Corn Soup,diced tomatoes
Gabrielle's Simple Tomato and Corn Soup,corn
Gabrielle's Simple Tomato and Corn Soup,low-fat milk
Gabrielle's Simple Tomato and Corn Soup,onions
Gabrielle's Simple Tomato and Corn Soup,garli
Gabrielle's Simple Tomato and Corn Soup,olive oil
Gabrielle's Simple Tomato and Corn Soup,green onions
Gabrielle's Simple Tomato and Corn Soup,salt
Slow Cooker Baked Potato Soup,diced onions
Slow Cooker Baked Potato Soup,large garlic cloves
Slow Cooker Baked Potato Soup,canola oil
Slow Cooker Baked Potato Soup,red potato
Slow Cooker Baked Potato Soup,bay leaf
Slow Cooker Baked Potato Soup,salt
Slow Cooker Baked Potato Soup,water
Slow Cooker Baked Potato Soup,chicken bouillon granules
Slow Cooker Baked Potato Soup,butter
Slow Cooker Baked Potato Soup,flour
Slow Cooker Baked Potato Soup,milk
Slow Cooker Baked Potato Soup,pepper
Thai-spiced Pumpkin Soup,pumpkin
Thai-spiced Pumpkin Soup,unsalted butter
Thai-spiced Pumpkin Soup,coconut milk
Thai-spiced Pumpkin Soup,curry paste
Thai-spiced Pumpkin Soup,water
Thai-spiced Pumpkin Soup,fine sea salt
Quick & Easy Chinese Noodle Soup,chicken stock
Quick & Easy Chinese Noodle Soup,spring onions
Quick & Easy Chinese Noodle Soup,oyster sauce
Quick & Easy Chinese Noodle Soup,light soy sauce
Quick & Easy Chinese Noodle Soup,dark soy sauce
Quick & Easy Chinese Noodle Soup,chinese noodles
Quick & Easy Chinese Noodle Soup,bok choy
Creamy Garlic Chicken Soup [Recipe],butter
Creamy Garlic Chicken Soup [Recipe],chicken
Creamy Garlic Chicken Soup [Recipe],cream cheese
Creamy Garlic Chicken Soup [Recipe],garli
Creamy Garlic Chicken Soup [Recipe],chicken broth
Creamy Garlic Chicken Soup [Recipe],heavy cream
Creamy Garlic Chicken Soup [Recipe],salt
Spicy Zucchini Soup,olive oil
Spicy Zucchini Soup,onions
Spicy Zucchini Soup,jalapeno chilies
Spicy Zucchini Soup,garlic cloves
Spicy Zucchini Soup,zucchini
Spicy Zucchini Soup,day old bread
Spicy Zucchini Soup,chicken broth
Spicy Zucchini Soup,water
Spicy Zucchini Soup,fresh mint
Spicy Zucchini Soup,fresh cilantro
Spicy Zucchini Soup,lemon juice
Spicy Zucchini Soup,salt
Spicy Zucchini Soup,pepper
Slow Cooker Chicken Noodle Soup,boneless skinless chicken breasts
Slow Cooker Chicken Noodle Soup,poultry seasoning
Slow Cooker Chicken Noodle Soup,onions
Slow Cooker Chicken Noodle Soup,carrots
Slow Cooker Chicken Noodle Soup,celery ribs
Slow Cooker Chicken Noodle Soup,garli
Slow Cooker Chicken Noodle Soup,chicken stock
Slow Cooker Chicken Noodle Soup,kosher salt
Slow Cooker Chicken Noodle Soup,cracked black pepper
Slow Cooker Chicken Noodle Soup,egg noodles
Slow Cooker Chicken Noodle Soup,fresh parsley leaves
Slow Cooker Chicken Parmesan Soup,garlic cloves
Slow Cooker Chicken Parmesan Soup,green bell pepper
Slow Cooker Chicken Parmesan Soup,crushed tomatoes
Slow Cooker Chicken Parmesan Soup,boneless skinless chicken breasts
Slow Cooker Chicken Parmesan Soup,chicken broth
Slow Cooker Chicken Parmesan Soup,white onion
Slow Cooker Chicken Parmesan Soup,shredded parmesan cheese
Slow Cooker Chicken Parmesan Soup,fresh basil
Slow Cooker Chicken Parmesan Soup,fresh oregano
Slow Cooker Chicken Parmesan Soup,red pepper flakes
Slow Cooker Chicken Parmesan Soup,gemelli
As-Simple-As-It-Gets Homemade Tomato Soup,olive oil
As-Simple-As-It-Gets Homemade Tomato Soup,onions
As-Simple-As-It-Gets Homemade Tomato Soup,garlic cloves
As-Simple-As-It-Gets Homemade Tomato Soup,crushed tomatoes
As-Simple-As-It-Gets Homemade Tomato Soup,coconut milk
As-Simple-As-It-Gets Homemade Tomato Soup,maple syrup
As-Simple-As-It-Gets Homemade Tomato Soup,salt and ground black pepper
Chickpea & Rice Soup With A Little Kale,water
Chickpea & Rice Soup With A Little Kale,cashew nuts
Chickpea & Rice Soup With A Little Kale,olive oil
Chickpea & Rice Soup With A Little Kale,yellow onion
Chickpea & Rice Soup With A Little Kale,garli
Chickpea & Rice Soup With A Little Kale,dried rosemary
Chickpea & Rice Soup With A Little Kale,dried thyme
Chickpea & Rice Soup With A Little Kale,salt
Chickpea & Rice Soup With A Little Kale,black pepper
Chickpea & Rice Soup With A Little Kale,rice
Chickpea & Rice Soup With A Little Kale,celery
Chickpea & Rice Soup With A Little Kale,carrots
Chickpea & Rice Soup With A Little Kale,vegetable broth
Chickpea & Rice Soup With A Little Kale,chickpeas
Chickpea & Rice Soup With A Little Kale,kale
Chickpea & Rice Soup With A Little Kale,green onions
Crab & Shrimp Corn Soup – Under 300 Calories Per Serving!,cr
Crab & Shrimp Corn Soup – Under 300 Calories Per Serving!,shrimp
Crab & Shrimp Corn Soup – Under 300 Calories Per Serving!,skim milk
Crab & Shrimp Corn Soup – Under 300 Calories Per Serving!,onions
Crab & Shrimp Corn Soup – Under 300 Calories Per Serving!,pepper
Crab & Shrimp Corn Soup – Under 300 Calories Per Serving!,chicken broth
Crab & Shrimp Corn Soup – Under 300 Calories Per Serving!,white corn
Crab & Shrimp Corn Soup – Under 300 Calories Per Serving!,butter
Crab & Shrimp Corn Soup – Under 300 Calories Per Serving!,flour
Crab & Shrimp Corn Soup – Under 300 Calories Per Serving!,heavy cream
Crab & Shrimp Corn Soup – Under 300 Calories Per Serving!,old bay seasoning
Crab & Shrimp Corn Soup – Under 300 Calories Per Serving!,chopped parsley
Crab & Shrimp Corn Soup – Under 300 Calories Per Serving!,salt
Slow Cooker Beef Barley Soup,boneless beef chuck
Slow Cooker Beef Barley Soup,olive oil
Slow Cooker Beef Barley Soup,onions
Slow Cooker Beef Barley Soup,carrots
Slow Cooker Beef Barley Soup,celery
Slow Cooker Beef Barley Soup,sliced mushrooms
Slow Cooker Beef Barley Soup,garli
Slow Cooker Beef Barley Soup,fresh thyme
Slow Cooker Beef Barley Soup,beef broth
Slow Cooker Beef Barley Soup,chicken broth
Slow Cooker Beef Barley Soup,water
Slow Cooker Beef Barley Soup,pearl barley
Slow Cooker Beef Barley Soup,salt
Slow Cooker Beef Barley Soup,freshly ground black pepper
Greek Egg and Lemon Soup with Chicken, Brown Rice, and Chickpeas,chicken broth
Greek Egg and Lemon Soup with Chicken, Brown Rice, and Chickpeas,boneless skinless chicken breasts
Greek Egg and Lemon Soup with Chicken, Brown Rice, and Chickpeas,garli
Greek Egg and Lemon Soup with Chicken, Brown Rice, and Chickpeas,brown rice
Greek Egg and Lemon Soup with Chicken, Brown Rice, and Chickpeas,chickpeas
Greek Egg and Lemon Soup with Chicken, Brown Rice, and Chickpeas,eggs
Greek Egg and Lemon Soup with Chicken, Brown Rice, and Chickpeas,fresh lemon juice
Greek Egg and Lemon Soup with Chicken, Brown Rice, and Chickpeas,dill
Greek Egg and Lemon Soup with Chicken, Brown Rice, and Chickpeas,salt
Greek Egg and Lemon Soup with Chicken, Brown Rice, and Chickpeas,pepper
Spicy Chicken Soup,rotisserie chicken
Spicy Chicken Soup,olive oil
Spicy Chicken Soup,onions
Spicy Chicken Soup,shiitake
Spicy Chicken Soup,garlic cloves
Spicy Chicken Soup,ginger
Spicy Chicken Soup,low sodium chicken broth
Spicy Chicken Soup,cayenne pepper
Spicy Chicken Soup,baby spinach
Spicy Chicken Soup,freshly ground pepper
Spicy Chicken Soup,kosher salt
Spicy Chicken Soup,scallions
Spicy Chicken Soup,lime wedges
30-Minute Lighter Italian Wedding Soup,ground turkey
30-Minute Lighter Italian Wedding Soup,plain dry bread crum
30-Minute Lighter Italian Wedding Soup,grated parmesan cheese
30-Minute Lighter Italian Wedding Soup,minced garli
30-Minute Lighter Italian Wedding Soup,eggs
30-Minute Lighter Italian Wedding Soup,salt
30-Minute Lighter Italian Wedding Soup,pepper
30-Minute Lighter Italian Wedding Soup,olive oil
30-Minute Lighter Italian Wedding Soup,yellow onion
30-Minute Lighter Italian Wedding Soup,low sodium chicken broth
30-Minute Lighter Italian Wedding Soup,diced tomatoes
30-Minute Lighter Italian Wedding Soup,kale
Chicken Soup For One,chicken broth
Chicken Soup For One,carrots
Chicken Soup For One,celery
Chicken Soup For One,fresh lemon juice
Chicken Soup For One,egg noodles, cooked and drained
Chicken Soup For One,rotisserie chicken
Chicken Soup For One,freshly ground pepper
Chicken Soup For One,kosher salt
Chicken Soup For One,chives
BBQ Chicken Pizza Soup,extra-virgin olive oil
BBQ Chicken Pizza Soup,onions
BBQ Chicken Pizza Soup,minced garli
BBQ Chicken Pizza Soup,corn
BBQ Chicken Pizza Soup,chicken
BBQ Chicken Pizza Soup,chicken broth
BBQ Chicken Pizza Soup,bbq sauce
BBQ Chicken Pizza Soup,kosher salt
BBQ Chicken Pizza Soup,cracked black pepper
BBQ Chicken Pizza Soup,garlic salt
BBQ Chicken Pizza Soup,cilantro leaves
Hearty White Bean Kale Chicken Soup,boneless skinless chicken thighs
Hearty White Bean Kale Chicken Soup,large carrots
Hearty White Bean Kale Chicken Soup,celery
Hearty White Bean Kale Chicken Soup,onions
Hearty White Bean Kale Chicken Soup,garli
Hearty White Bean Kale Chicken Soup,fresh oregano
Hearty White Bean Kale Chicken Soup,white beans
Hearty White Bean Kale Chicken Soup,chicken broth
Hearty White Bean Kale Chicken Soup,kale leaves
Hearty White Bean Kale Chicken Soup,ground cayenne pepper
Hearty White Bean Kale Chicken Soup,salt
Hearty White Bean Kale Chicken Soup,pepper
Cream of Mushroom Soup,olive oil
Cream of Mushroom Soup,butter
Cream of Mushroom Soup,onions
Cream of Mushroom Soup,garlic cloves
Cream of Mushroom Soup,sliced mushrooms
Cream of Mushroom Soup,fresh thyme
Cream of Mushroom Soup,all-purpose flour
Cream of Mushroom Soup,sherry wine
Cream of Mushroom Soup,chicken stock
Cream of Mushroom Soup,salt
Cream of Mushroom Soup,pepper
Cream of Mushroom Soup,cream
Vegetarian West African Peanut Soup,low sodium vegetable broth
Vegetarian West African Peanut Soup,purple onion
Vegetarian West African Peanut Soup,fresh ginger
Vegetarian West African Peanut Soup,garli
Vegetarian West African Peanut Soup,salt
Vegetarian West African Peanut Soup,collard greens
Vegetarian West African Peanut Soup,unsalted peanut butter
Vegetarian West African Peanut Soup,tomato paste
Vegetarian West African Peanut Soup,hot sauce
Vegetarian West African Peanut Soup,peanuts
Very Veggie Quinoa Chowder,butternut squash
Very Veggie Quinoa Chowder,carrots
Very Veggie Quinoa Chowder,quino
Very Veggie Quinoa Chowder,garli
Very Veggie Quinoa Chowder,vegetable broth
Very Veggie Quinoa Chowder,water
Very Veggie Quinoa Chowder,diced tomatoes
Very Veggie Quinoa Chowder,fresh thyme
Very Veggie Quinoa Chowder,sweet corn
Very Veggie Quinoa Chowder,heavy cream
Very Veggie Quinoa Chowder,chopped parsley
Very Veggie Quinoa Chowder,salt
Very Veggie Quinoa Chowder,black pepper
Very Veggie Quinoa Chowder,cayenne pepper
Beef Stew,beef stew meat
Beef Stew,flour
Beef Stew,vegetable oil
Beef Stew,McCormick Bay Leaves
Beef Stew,seasoning salt
Beef Stew,McCormick® Thyme Leaves
Beef Stew,McCormick Black Pepper
Beef Stew,beef broth
Beef Stew,carrots
Beef Stew,medium potatoes
Beef Stew,onions
Beef Stew,celery ribs
Bulletproof Bone Broth,carrots
Bulletproof Bone Broth,celery
Bulletproof Bone Broth,marrow bones
Bulletproof Bone Broth,bouquet garni
Bulletproof Bone Broth,apple cider vinegar
Bulletproof Bone Broth,broth
Bulletproof Bone Broth,sea salt
Curried Butternut Squash Soup,butternut squash
Curried Butternut Squash Soup,chicken broth
Curried Butternut Squash Soup,curry powder
Curried Butternut Squash Soup,sausages
Watermelon Gazpacho,watermelon
Watermelon Gazpacho,red bell pepper
Watermelon Gazpacho,cherry tomatoes
Watermelon Gazpacho,english cucumber
Watermelon Gazpacho,green onions
Watermelon Gazpacho,chopped cilantro
Watermelon Gazpacho,fresh ginger
Watermelon Gazpacho,jalapeno chilies
Watermelon Gazpacho,salt
Watermelon Gazpacho,pepper
Creamy Cauliflower Soup,butter
Creamy Cauliflower Soup,unbleached flour
Creamy Cauliflower Soup,cauliflower
Creamy Cauliflower Soup,onions
Creamy Cauliflower Soup,fat-free chicken broth
Creamy Cauliflower Soup,salt
Creamy Cauliflower Soup,pepper
Slow Cooker Split Pea Soup,green split peas
Slow Cooker Split Pea Soup,ham
Slow Cooker Split Pea Soup,potatoes
Slow Cooker Split Pea Soup,carrots
Slow Cooker Split Pea Soup,garli
Slow Cooker Split Pea Soup,chicken broth
Slow Cooker Split Pea Soup,bay leaf
Slow Cooker Split Pea Soup,fresh parsley
Slow Cooker Split Pea Soup,ground black pepper
Slow Cooker Split Pea Soup,salt
French Onion Soup Grilled Cheese,unsalted butter
French Onion Soup Grilled Cheese,sweet onion
French Onion Soup Grilled Cheese,dry sherry
French Onion Soup Grilled Cheese,unsalted beef stock
French Onion Soup Grilled Cheese,fresh thyme leaves
French Onion Soup Grilled Cheese,grated Gruyère cheese
French Onion Soup Grilled Cheese,Italian bread
French Onion Soup Grilled Cheese,kosher salt
French Onion Soup Grilled Cheese,pepper
Roasted Asparagus Soup,asparagus
Roasted Asparagus Soup,garli
Roasted Asparagus Soup,onions
Roasted Asparagus Soup,olive oil
Roasted Asparagus Soup,chicken stock
Roasted Asparagus Soup,heavy cream
Roasted Asparagus Soup,pepper
Roasted Asparagus Soup,salt
Italian Sausage Pasta Soup,roasted red peppers
Italian Sausage Pasta Soup,italian sausage
Italian Sausage Pasta Soup,small past
Italian Sausage Pasta Soup,baby spinach
Sweet Potato and Sausage Soup,virgin olive oil
Sweet Potato and Sausage Soup,sausages
Sweet Potato and Sausage Soup,onions
Sweet Potato and Sausage Soup,large garlic cloves
Sweet Potato and Sausage Soup,sweet potatoes
Sweet Potato and Sausage Soup,potatoes
Sweet Potato and Sausage Soup,chicken broth
Sweet Potato and Sausage Soup,fresh spinach
Dad's Cauliflower Soup,cauliflower
Dad's Cauliflower Soup,onions
Dad's Cauliflower Soup,water
Dad's Cauliflower Soup,chicken stock cubes
Dad's Cauliflower Soup,pepper
Dad's Cauliflower Soup,salt
Bone Broth,beef bones
Bone Broth,chicken carcass
Bone Broth,water
Bone Broth,vinegar
Simple Creamy Carrot Soup,extra-virgin olive oil
Simple Creamy Carrot Soup,carrots
Simple Creamy Carrot Soup,onions
Simple Creamy Carrot Soup,minced garli
Simple Creamy Carrot Soup,fresh thyme
Simple Creamy Carrot Soup,fresh rosemary
Simple Creamy Carrot Soup,chicken broth
Simple Creamy Carrot Soup,bacon
Simple Creamy Carrot Soup,kosher salt
Simple Creamy Carrot Soup,ground black pepper
Simple Creamy Carrot Soup,hot sauce
Beer Cheese Soup,thick-cut bacon
Beer Cheese Soup,sweet onion
Beer Cheese Soup,red pepper
Beer Cheese Soup,garlic cloves
Beer Cheese Soup,unsalted butter
Beer Cheese Soup,flour
Beer Cheese Soup,beer
Beer Cheese Soup,half & half
Beer Cheese Soup,cheddar cheese
Beer Cheese Soup,jack
Beer Cheese Soup,fresh herbs
Beer Cheese Soup,salt
Beer Cheese Soup,pepper
Beer Cheese Soup,whole wheat bread
Carrot and Ginger Soup,olive oil
Carrot and Ginger Soup,onions
Carrot and Ginger Soup,ginger
Carrot and Ginger Soup,curry powder
Carrot and Ginger Soup,carrots
Carrot and Ginger Soup,light coconut milk
Carrot and Ginger Soup,vegetable stock
Carrot and Ginger Soup,salt
Carrot and Ginger Soup,pepper
Banana Milk Coffee Smoothie (for Cabbage Soup Diet),bananas
Banana Milk Coffee Smoothie (for Cabbage Soup Diet),instant coffee
Banana Milk Coffee Smoothie (for Cabbage Soup Diet),hot water
Banana Milk Coffee Smoothie (for Cabbage Soup Diet),low-fat milk
Cauliflower Chowder,bacon
Cauliflower Chowder,unsalted butter
Cauliflower Chowder,garli
Cauliflower Chowder,onions
Cauliflower Chowder,carrots
Cauliflower Chowder,celery
Cauliflower Chowder,all-purpose flour
Cauliflower Chowder,chicken broth
Cauliflower Chowder,2% reduced-fat milk
Cauliflower Chowder,cauliflower
Cauliflower Chowder,bay leaf
Cauliflower Chowder,kosher salt
Cauliflower Chowder,ground black pepper
Cauliflower Chowder,fresh parsley leaves
Creamy Chicken and Corn Chowder Soup,potatoes
Creamy Chicken and Corn Chowder Soup,onions
Creamy Chicken and Corn Chowder Soup,butter
Creamy Chicken and Corn Chowder Soup,seasoning
Creamy Chicken and Corn Chowder Soup,cream of chicken soup
Creamy Chicken and Corn Chowder Soup,cream style corn
Creamy Chicken and Corn Chowder Soup,whole kernel corn
Creamy Chicken and Corn Chowder Soup,milk
Creamy Chicken and Corn Chowder Soup,rotisserie chicken
Creamy Chicken and Corn Chowder Soup,salt
Udon Miso Noodle Soup,fresh udon
Udon Miso Noodle Soup,chicken stock
Udon Miso Noodle Soup,sliced carrots
Udon Miso Noodle Soup,snow peas
Udon Miso Noodle Soup,fresh mushrooms
Udon Miso Noodle Soup,white miso
Udon Miso Noodle Soup,green onions
Creamy Chicken & Wild Rice Soup,butter
Creamy Chicken & Wild Rice Soup,onions
Creamy Chicken & Wild Rice Soup,celery
Creamy Chicken & Wild Rice Soup,dried thyme
Creamy Chicken & Wild Rice Soup,all-purpose flour
Creamy Chicken & Wild Rice Soup,swanson chicken broth
Creamy Chicken & Wild Rice Soup,milk
Creamy Chicken & Wild Rice Soup,cooked chicken
Creamy Chicken & Wild Rice Soup,wild rice
Tamales With Green Chili Sauce #sundaysupper,olive oil
Tamales With Green Chili Sauce #sundaysupper,onions
Tamales With Green Chili Sauce #sundaysupper,garli
Tamales With Green Chili Sauce #sundaysupper,pepper
Tamales With Green Chili Sauce #sundaysupper,chicken stock
Tamales With Green Chili Sauce #sundaysupper,salt
Tamales With Green Chili Sauce #sundaysupper,cumin
Tamales With Green Chili Sauce #sundaysupper,black pepper
7-DAY DIET WEIGHT LOSS SOUP (WONDER SOUP!),cabbage
7-DAY DIET WEIGHT LOSS SOUP (WONDER SOUP!),celery
7-DAY DIET WEIGHT LOSS SOUP (WONDER SOUP!),yellow onion
7-DAY DIET WEIGHT LOSS SOUP (WONDER SOUP!),carrots
7-DAY DIET WEIGHT LOSS SOUP (WONDER SOUP!),green bell pepper
7-DAY DIET WEIGHT LOSS SOUP (WONDER SOUP!),garli
7-DAY DIET WEIGHT LOSS SOUP (WONDER SOUP!),chicken broth
7-DAY DIET WEIGHT LOSS SOUP (WONDER SOUP!),diced tomatoes
7-DAY DIET WEIGHT LOSS SOUP (WONDER SOUP!),oregano
7-DAY DIET WEIGHT LOSS SOUP (WONDER SOUP!),basil
7-DAY DIET WEIGHT LOSS SOUP (WONDER SOUP!),red pepper flakes
7-DAY DIET WEIGHT LOSS SOUP (WONDER SOUP!),cayenne pepper
7-DAY DIET WEIGHT LOSS SOUP (WONDER SOUP!),salt
7-DAY DIET WEIGHT LOSS SOUP (WONDER SOUP!),pepper
Borscht,beef broth
Borscht,beef shank
Borscht,onions
Borscht,beets
Borscht,carrots
Borscht,russet potatoes
Borscht,cabbage
Borscht,fresh dill
Borscht,red wine vinegar
Borscht,sour cream
Borscht,ground black pepper
Borscht,salt
Corn Chowder,unsalted butter
Corn Chowder,bacon
Corn Chowder,yellow onion
Corn Chowder,carrots
Corn Chowder,celery ribs
Corn Chowder,sweet corn kernels
Corn Chowder,bay leaf
Corn Chowder,milk
Corn Chowder,yukon gold potatoes
Corn Chowder,red bell pepper
Corn Chowder,ground pepper
Corn Chowder,kosher salt
Corn Chowder,fresh thyme leaves
Blender Roasted Red Pepper Soup (with video),red bell pepper
Blender Roasted Red Pepper Soup (with video),diced tomatoes
Blender Roasted Red Pepper Soup (with video),tomatoes
Blender Roasted Red Pepper Soup (with video),chicken broth
Blender Roasted Red Pepper Soup (with video),half & half
Blender Roasted Red Pepper Soup (with video),salt
Blender Roasted Red Pepper Soup (with video),pepper
Blender Roasted Red Pepper Soup (with video),garli
Blender Roasted Red Pepper Soup (with video),dried basil
Blender Roasted Red Pepper Soup (with video),red pepper flakes
20-Minute Miso-Turmeric Soup,turnips
20-Minute Miso-Turmeric Soup,fresh shiitake mushrooms
20-Minute Miso-Turmeric Soup,fresh turmeri
20-Minute Miso-Turmeric Soup,water
20-Minute Miso-Turmeric Soup,miso paste
20-Minute Miso-Turmeric Soup,buckwheat soba noodles
20-Minute Miso-Turmeric Soup,green onions
20-Minute Miso-Turmeric Soup,microgreens
Cucumber-mint Gazpacho,english cucumber
Cucumber-mint Gazpacho,poblano
Cucumber-mint Gazpacho,green bell pepper
Cucumber-mint Gazpacho,white onion
Cucumber-mint Gazpacho,garlic cloves
Cucumber-mint Gazpacho,fresh mint
Cucumber-mint Gazpacho,plain yogurt
Cucumber-mint Gazpacho,cider vinegar
Cucumber-mint Gazpacho,olive oil
Cucumber-mint Gazpacho,water
Cucumber-mint Gazpacho,salt
Cucumber-mint Gazpacho,pepper
Pumpkin Soup,pie pumpkin
Pumpkin Soup,vegetables
Pumpkin Soup,heavy cream
Pumpkin Soup,maple syrup
Pumpkin Soup,nutmeg
Pumpkin Soup,salt
Pumpkin Soup,cream
Crock Pot Broccoli Cheese Soup,butter
Crock Pot Broccoli Cheese Soup,onions
Crock Pot Broccoli Cheese Soup,all-purpose flour
Crock Pot Broccoli Cheese Soup,evaporated milk
Crock Pot Broccoli Cheese Soup,chicken broth
Crock Pot Broccoli Cheese Soup,broccoli florets
Crock Pot Broccoli Cheese Soup,freshly ground pepper
Crock Pot Broccoli Cheese Soup,salt
Crock Pot Broccoli Cheese Soup,shredded sharp cheddar cheese
French Lentil Soup,extra-virgin olive oil
French Lentil Soup,onions
French Lentil Soup,celery ribs
French Lentil Soup,celery leaves
French Lentil Soup,carrots
French Lentil Soup,garlic cloves
French Lentil Soup,vegetable broth
French Lentil Soup,lentils
French Lentil Soup,diced tomatoes in juice
French Lentil Soup,balsamic vinegar
How to Make Copycat Panera Broccoli Cheddar Soup,vegetable broth
How to Make Copycat Panera Broccoli Cheddar Soup,broccoli florets
How to Make Copycat Panera Broccoli Cheddar Soup,shredded cheese
How to Make Copycat Panera Broccoli Cheddar Soup,onions
How to Make Copycat Panera Broccoli Cheddar Soup,evaporated milk
Skinny Tomato Soup with Cheesy Orzo,roasted tomatoes
Skinny Tomato Soup with Cheesy Orzo,plain greek yogurt
Skinny Tomato Soup with Cheesy Orzo,kosher salt
Skinny Tomato Soup with Cheesy Orzo,ground black pepper
Skinny Tomato Soup with Cheesy Orzo,garlic salt
Skinny Tomato Soup with Cheesy Orzo,orzo
Skinny Tomato Soup with Cheesy Orzo,shredded cheddar cheese
Potato Leek Soup,butter
Potato Leek Soup,leeks
Potato Leek Soup,yukon gold potatoes
Potato Leek Soup,vegetable stock
Potato Leek Soup,salt
Potato Leek Soup,pepper
Egg Drop Soup,chicken broth
Egg Drop Soup,water
Egg Drop Soup,eggs
Egg Drop Soup,ginger
Egg Drop Soup,corn starch
Egg Drop Soup,green onions
Egg Drop Soup,salt
Weeknight Minestrone,small yellow onion
Weeknight Minestrone,celery
Weeknight Minestrone,carrots
Weeknight Minestrone,olive oil
Weeknight Minestrone,vegetable broth
Weeknight Minestrone,kidney beans
Weeknight Minestrone,marinara sauce
Weeknight Minestrone,italian seasoning
Weeknight Minestrone,zucchini
Weeknight Minestrone,green beans
Weeknight Minestrone,ditalini past
Weeknight Minestrone,baby spinach
Weeknight Minestrone,fresh basil leaves
Weeknight Minestrone,salt
Weeknight Minestrone,pepper
Weeknight Minestrone,parmigiano reggiano cheese
Cream of Mushroom Soup,olive oil
Cream of Mushroom Soup,butter
Cream of Mushroom Soup,cremini
Cream of Mushroom Soup,shiitake
Cream of Mushroom Soup,shallots
Cream of Mushroom Soup,garli
Cream of Mushroom Soup,kosher salt
Cream of Mushroom Soup,dried tarragon leaves
Cream of Mushroom Soup,chicken stock
Cream of Mushroom Soup,heavy cream
Cream of Mushroom Soup,ground black pepper
Weeknight Noodle, Vegetable and Shrimp Soup,so
Weeknight Noodle, Vegetable and Shrimp Soup,vegetable broth
Weeknight Noodle, Vegetable and Shrimp Soup,baby bok choy
Weeknight Noodle, Vegetable and Shrimp Soup,carrots
Weeknight Noodle, Vegetable and Shrimp Soup,white miso
Weeknight Noodle, Vegetable and Shrimp Soup,soy sauce
Weeknight Noodle, Vegetable and Shrimp Soup,salt
Weeknight Noodle, Vegetable and Shrimp Soup,pepper
Weeknight Noodle, Vegetable and Shrimp Soup,green onions
Weeknight Noodle, Vegetable and Shrimp Soup,fresh ginger
Weeknight Noodle, Vegetable and Shrimp Soup,chopped cilantro
Weeknight Noodle, Vegetable and Shrimp Soup,lime
Weeknight Noodle, Vegetable and Shrimp Soup,Srirach
Weeknight Noodle, Vegetable and Shrimp Soup,shrimp
Chicken Stock,chicken wings
Chicken Stock,onions
Chicken Stock,carrots
Chicken Stock,celery ribs
Chicken Stock,flat leaf parsley
Chicken Stock,black peppercorns
Easy 30-Minute Homemade Chicken Tortilla Soup,corn tortillas
Easy 30-Minute Homemade Chicken Tortilla Soup,olive oil
Easy 30-Minute Homemade Chicken Tortilla Soup,kosher salt
Easy 30-Minute Homemade Chicken Tortilla Soup,vidalia onion
Easy 30-Minute Homemade Chicken Tortilla Soup,jalapeno chilies
Easy 30-Minute Homemade Chicken Tortilla Soup,garlic cloves
Easy 30-Minute Homemade Chicken Tortilla Soup,low sodium chicken broth
Easy 30-Minute Homemade Chicken Tortilla Soup,diced tomatoes
Easy 30-Minute Homemade Chicken Tortilla Soup,black beans
Easy 30-Minute Homemade Chicken Tortilla Soup,cooked chicken
Easy 30-Minute Homemade Chicken Tortilla Soup,corn
Easy 30-Minute Homemade Chicken Tortilla Soup,lime juice
Easy 30-Minute Homemade Chicken Tortilla Soup,chili powder
Easy 30-Minute Homemade Chicken Tortilla Soup,cumin
Easy 30-Minute Homemade Chicken Tortilla Soup,salt
Easy 30-Minute Homemade Chicken Tortilla Soup,black pepper
Easy 30-Minute Homemade Chicken Tortilla Soup,smoked paprik
Easy 30-Minute Homemade Chicken Tortilla Soup,cayenne pepper
Easy 30-Minute Homemade Chicken Tortilla Soup,cilantro leaves
Easy 30-Minute Homemade Chicken Tortilla Soup,avocado
Easy 30-Minute Homemade Chicken Tortilla Soup,shredded cheese
Easy 30-Minute Homemade Chicken Tortilla Soup,sour cream
slow cooker Tom Kha Gai (Thai coconut soup),coconut milk
slow cooker Tom Kha Gai (Thai coconut soup),vegetable broth
slow cooker Tom Kha Gai (Thai coconut soup),firm tofu
slow cooker Tom Kha Gai (Thai coconut soup),lemongrass
slow cooker Tom Kha Gai (Thai coconut soup),ginger
slow cooker Tom Kha Gai (Thai coconut soup),fresh lime juice
slow cooker Tom Kha Gai (Thai coconut soup),curry paste
slow cooker Tom Kha Gai (Thai coconut soup),soy sauce
slow cooker Tom Kha Gai (Thai coconut soup),brown sugar
slow cooker Tom Kha Gai (Thai coconut soup),mushrooms
slow cooker Tom Kha Gai (Thai coconut soup),fresh cilantro
slow cooker Tom Kha Gai (Thai coconut soup),salt
Easy Mexican Tortilla Soup,sals
Easy Mexican Tortilla Soup,vegetable stock
Easy Mexican Tortilla Soup,frozen corn
Easy Mexican Tortilla Soup,black beans
Easy Mexican Tortilla Soup,shredded cheese
Easy Mexican Tortilla Soup,tortilla chips
Easy Mexican Tortilla Soup,sour cream
Easy Mexican Tortilla Soup,avocado
Easy Mexican Tortilla Soup,diced tomatoes
Easy Mexican Tortilla Soup,chopped cilantro
Homemade Potato Soup,mashed potatoes
Homemade Potato Soup,butter
Homemade Potato Soup,milk
Homemade Potato Soup,italian seasoning
Homemade Potato Soup,garlic powder
Homemade Potato Soup,salt
Homemade Potato Soup,pepper
Ramen Bowl,ramen
Ramen Bowl,beef broth
Ramen Bowl,boiled eggs
Ramen Bowl,green onions
Ramen Bowl,jalapeno chilies
Ramen Bowl,cilantro
Fat Burning Soup — Great for the Flu Too! (Dairy-Free),chicken stock
Fat Burning Soup — Great for the Flu Too! (Dairy-Free),vegetables
Fat Burning Soup — Great for the Flu Too! (Dairy-Free),extra virgin coconut oil
Fat Burning Soup — Great for the Flu Too! (Dairy-Free),cayenne pepper
Fat Burning Soup — Great for the Flu Too! (Dairy-Free),sea salt
Vegetarian Split Pea Soup,extra-virgin olive oil
Vegetarian Split Pea Soup,onions
Vegetarian Split Pea Soup,fine sea salt
Vegetarian Split Pea Soup,green peas
Vegetarian Split Pea Soup,water
Vegetarian Split Pea Soup,lemon
Vegetarian Split Pea Soup,smoked paprik
Vegetarian Split Pea Soup,olive oil
Fire Roasted Spicy Tomato Soup,olive oil
Fire Roasted Spicy Tomato Soup,garli
Fire Roasted Spicy Tomato Soup,yellow onion
Fire Roasted Spicy Tomato Soup,vegetable stock
Fire Roasted Spicy Tomato Soup,sunset
Fire Roasted Spicy Tomato Soup,diced tomatoes
Roasted Broccoli and Cheddar Soup,broccoli
Roasted Broccoli and Cheddar Soup,oil
Roasted Broccoli and Cheddar Soup,salt
Roasted Broccoli and Cheddar Soup,pepper
Roasted Broccoli and Cheddar Soup,onions
Roasted Broccoli and Cheddar Soup,garli
Roasted Broccoli and Cheddar Soup,thyme
Roasted Broccoli and Cheddar Soup,vegetable broth
Roasted Broccoli and Cheddar Soup,aged cheddar cheese
Roasted Broccoli and Cheddar Soup,milk
Roasted Broccoli and Cheddar Soup,whole grain mustard
Butternut Squash and Turmeric Soup,butternut squash
Butternut Squash and Turmeric Soup,water
Butternut Squash and Turmeric Soup,vegetable base
Butternut Squash and Turmeric Soup,olive oil
Butternut Squash and Turmeric Soup,salt
Butternut Squash and Turmeric Soup,turmeri
Butternut Squash and Turmeric Soup,garlic cloves
Butternut Squash and Turmeric Soup,yellow onion
Butternut Squash and Turmeric Soup,cinnamon
Butternut Squash and Turmeric Soup,nutmeg
Basil Tomato Bisque,diced tomatoes
Basil Tomato Bisque,chicken broth
Basil Tomato Bisque,heavy cream
Basil Tomato Bisque,butter
Basil Tomato Bisque,dried basil
Basil Tomato Bisque,sugar
Lunch Box Ramen,water
Lunch Box Ramen,ramen noodles
Lunch Box Ramen,edamame
Lunch Box Ramen,tofu
Lunch Box Ramen,baby spinach
Slow Cooker Beef Stew,olive oil
Slow Cooker Beef Stew,stew meat
Slow Cooker Beef Stew,kosher salt
Slow Cooker Beef Stew,freshly ground black pepper
Slow Cooker Beef Stew,red potato
Slow Cooker Beef Stew,carrots
Slow Cooker Beef Stew,onions
Slow Cooker Beef Stew,garli
Slow Cooker Beef Stew,beef broth
Slow Cooker Beef Stew,tomato paste
Slow Cooker Beef Stew,worcestershire sauce
Slow Cooker Beef Stew,dried thyme
Slow Cooker Beef Stew,dried rosemary
Slow Cooker Beef Stew,smoked paprik
Slow Cooker Beef Stew,caraway seeds
Slow Cooker Beef Stew,bay leaves
Slow Cooker Beef Stew,all-purpose flour
Slow Cooker Beef Stew,fresh parsley leaves
Best-Ever Tomato Soup,butter
Best-Ever Tomato Soup,onions
Best-Ever Tomato Soup,flour
Best-Ever Tomato Soup,chicken stock
Best-Ever Tomato Soup,plum tomatoes
Best-Ever Tomato Soup,thyme
Best-Ever Tomato Soup,dill
Best-Ever Tomato Soup,heavy cream
Best-Ever Tomato Soup,sugar
Best-Ever Tomato Soup,salt
Best-Ever Tomato Soup,pepper
Wonton Noodle Soup,arctic char
Wonton Noodle Soup,frozen wontons
Wonton Noodle Soup,Chinese egg noodles
Wonton Noodle Soup,homemade chicken broth
Wonton Noodle Soup,sliced green onions
Wonton Noodle Soup,soy sauce
Tuscan Style Chicken Soup,olive oil
Tuscan Style Chicken Soup,onions
Tuscan Style Chicken Soup,garli
Tuscan Style Chicken Soup,fresh thyme
Tuscan Style Chicken Soup,celery
Tuscan Style Chicken Soup,medium carrot
Tuscan Style Chicken Soup,medium potatoes
Tuscan Style Chicken Soup,chicken stock
Tuscan Style Chicken Soup,salt
Tuscan Style Chicken Soup,black pepper
Tuscan Style Chicken Soup,cannellini beans
Tuscan Style Chicken Soup,cooked chicken breasts
Tuscan Style Chicken Soup,kale
Tuscan Style Chicken Soup,fresh parsley
Tuscan Style Chicken Soup,grated parmesan cheese
Tuscan Style Chicken Soup,granary bread
Spicy Shrimp Pho,whole wheat thin spaghetti
Spicy Shrimp Pho,extra-virgin olive oil
Spicy Shrimp Pho,garlic cloves
Spicy Shrimp Pho,jalapeno chilies
Spicy Shrimp Pho,green onions
Spicy Shrimp Pho,low sodium chicken broth
Spicy Shrimp Pho,fish sauce
Spicy Shrimp Pho,sesame oil
Spicy Shrimp Pho,button mushrooms
Spicy Shrimp Pho,large shrimp
Spicy Shrimp Pho,pepper
Spicy Shrimp Pho,lime juice
Spicy Shrimp Pho,cilantro
Carrot Cilantro Soup ~ Vegan & Gluten Free,carrots
Carrot Cilantro Soup ~ Vegan & Gluten Free,water
Carrot Cilantro Soup ~ Vegan & Gluten Free,vidalia onion
Carrot Cilantro Soup ~ Vegan & Gluten Free,garli
Carrot Cilantro Soup ~ Vegan & Gluten Free,coriander powder
Carrot Cilantro Soup ~ Vegan & Gluten Free,salt
Carrot Cilantro Soup ~ Vegan & Gluten Free,chopped cilantro
Carrot Curry Soup,coconut oil
Carrot Curry Soup,yellow onion
Carrot Curry Soup,carrots
Carrot Curry Soup,russet potatoes
Carrot Curry Soup,vegetable stock
Carrot Curry Soup,unsweetened coconut milk
Carrot Curry Soup,bay leaf
Carrot Curry Soup,curry powder
Carrot Curry Soup,cumin
Carrot Curry Soup,kosher salt
Red Potato Soup,yellow onion
Red Potato Soup,garli
Red Potato Soup,olive oil
Red Potato Soup,red potato
Red Potato Soup,vegetable broth
Red Potato Soup,milk
Red Potato Soup,parmesan cheese
Slow Cooker Chicken Tortilla Soup,chicken breasts
Slow Cooker Chicken Tortilla Soup,chunky sals
Slow Cooker Chicken Tortilla Soup,chicken broth
Slow Cooker Chicken Tortilla Soup,taco seasoning
Slow Cooker Chicken Tortilla Soup,frozen corn kernels
Slow Cooker Chicken Tortilla Soup,black beans
Mom's New England Clam Chowder,clams
Mom's New England Clam Chowder,minced onion
Mom's New England Clam Chowder,diced celery
Mom's New England Clam Chowder,red potato
Mom's New England Clam Chowder,carrots
Mom's New England Clam Chowder,butter
Mom's New England Clam Chowder,all-purpose flour
Mom's New England Clam Chowder,cream
Mom's New England Clam Chowder,red wine vinegar
Mom's New England Clam Chowder,salt
Mom's New England Clam Chowder,ground black pepper
20 Minute Homemade Chicken Noodle Soup,rotisserie chicken
20 Minute Homemade Chicken Noodle Soup,olive oil
20 Minute Homemade Chicken Noodle Soup,carrots
20 Minute Homemade Chicken Noodle Soup,celery
20 Minute Homemade Chicken Noodle Soup,onions
20 Minute Homemade Chicken Noodle Soup,garli
20 Minute Homemade Chicken Noodle Soup,fresh thyme
20 Minute Homemade Chicken Noodle Soup,salt
20 Minute Homemade Chicken Noodle Soup,pepper
20 Minute Homemade Chicken Noodle Soup,low sodium chicken stock
20 Minute Homemade Chicken Noodle Soup,egg noodles
Slow Cooker Potato Soup,cooked bacon
Slow Cooker Potato Soup,chicken stock
Slow Cooker Potato Soup,yukon gold potatoes
Slow Cooker Potato Soup,yellow onion
Slow Cooker Potato Soup,butter
Slow Cooker Potato Soup,all-purpose flour
Slow Cooker Potato Soup,evaporated milk
Slow Cooker Potato Soup,reduced fat sharp cheddar cheese
Slow Cooker Potato Soup,plain greek yogurt
Slow Cooker Potato Soup,kosher salt
Slow Cooker Potato Soup,cracked black pepper
Slow Cooker Potato Soup,shredded cheese
Slow Cooker Potato Soup,bacon
Slow Cooker Potato Soup,sour cream
Slow Cooker Potato Soup,sliced green onions
Creamless Tomato Soup,extra-virgin olive oil
Creamless Tomato Soup,onions
Creamless Tomato Soup,garli
Creamless Tomato Soup,carrots
Creamless Tomato Soup,crushed tomatoes
Creamless Tomato Soup,chicken broth
Creamless Tomato Soup,basil
Creamless Tomato Soup,grated parmesan cheese
Mom's Chilly-Day Cheese Soup,potatoes
Mom's Chilly-Day Cheese Soup,onions
Mom's Chilly-Day Cheese Soup,water
Mom's Chilly-Day Cheese Soup,carrots
Mom's Chilly-Day Cheese Soup,cauliflower
Mom's Chilly-Day Cheese Soup,frozen broccoli
Mom's Chilly-Day Cheese Soup,cream of celery soup
Mom's Chilly-Day Cheese Soup,cream of chicken soup
Mom's Chilly-Day Cheese Soup,pasteurized process cheese spread
Tomato Bisque,butter
Tomato Bisque,onions
Tomato Bisque,carrots
Tomato Bisque,celery ribs
Tomato Bisque,garli
Tomato Bisque,plum tomatoes
Tomato Bisque,fat-free chicken broth
Tomato Bisque,parsley
Tomato Bisque,basil leaves
Tomato Bisque,bay leaves
Tomato Bisque,reduced-fat sour cream
Tomato Bisque,parmigiano reggiano cheese
Kale and Quinoa Minestrone {Vegan and Gluten Free},yellow onion
Kale and Quinoa Minestrone {Vegan and Gluten Free},medium carrot
Kale and Quinoa Minestrone {Vegan and Gluten Free},celery
Kale and Quinoa Minestrone {Vegan and Gluten Free},olive oil
Kale and Quinoa Minestrone {Vegan and Gluten Free},zucchini
Kale and Quinoa Minestrone {Vegan and Gluten Free},green beans
Kale and Quinoa Minestrone {Vegan and Gluten Free},red bell pepper
Kale and Quinoa Minestrone {Vegan and Gluten Free},garli
Kale and Quinoa Minestrone {Vegan and Gluten Free},low sodium vegetable broth
Kale and Quinoa Minestrone {Vegan and Gluten Free},crushed tomatoes
Kale and Quinoa Minestrone {Vegan and Gluten Free},water
Kale and Quinoa Minestrone {Vegan and Gluten Free},fresh parsley
Kale and Quinoa Minestrone {Vegan and Gluten Free},dried rosemary
Kale and Quinoa Minestrone {Vegan and Gluten Free},dried thyme
Kale and Quinoa Minestrone {Vegan and Gluten Free},granulated sugar
Kale and Quinoa Minestrone {Vegan and Gluten Free},salt
Kale and Quinoa Minestrone {Vegan and Gluten Free},freshly ground black pepper
Kale and Quinoa Minestrone {Vegan and Gluten Free},quino
Kale and Quinoa Minestrone {Vegan and Gluten Free},cannellini beans
Kale and Quinoa Minestrone {Vegan and Gluten Free},chickpeas
Kale and Quinoa Minestrone {Vegan and Gluten Free},kale
Kale and Quinoa Minestrone {Vegan and Gluten Free},lemon juice
Kale and Quinoa Minestrone {Vegan and Gluten Free},shredded parmesan cheese
Cold cucumber soup (Tarator),cucumber
Cold cucumber soup (Tarator),garlic cloves
Cold cucumber soup (Tarator),fresh dill
Cold cucumber soup (Tarator),yoghurt
Cold cucumber soup (Tarator),walnuts
Cold cucumber soup (Tarator),olive oil
Cold cucumber soup (Tarator),salt
Cabbage Soup,cabbage
Cabbage Soup,onions
Cabbage Soup,tomato sauce
Cabbage Soup,low sodium chicken broth
Cabbage Soup,garli
Cabbage Soup,extra-virgin olive oil
Roasted Pumpkin-Apple Soup,pie pumpkin
Roasted Pumpkin-Apple Soup,tart apples
Roasted Pumpkin-Apple Soup,virgin olive oil
Roasted Pumpkin-Apple Soup,salt
Roasted Pumpkin-Apple Soup,freshly ground pepper
Roasted Pumpkin-Apple Soup,chopped fresh sage
Roasted Pumpkin-Apple Soup,chicken broth
Roasted Pumpkin-Apple Soup,chopped hazelnuts
Roasted Pumpkin-Apple Soup,hazelnut oil
Bone Broth,chicken bones
Bone Broth,water
Bone Broth,fresh rosemary
White Bean Soup,great northern beans
White Bean Soup,smoked ham
White Bean Soup,kosher salt
White Bean Soup,ground black pepper
Onion Soup Meatloaf,eggs
Onion Soup Meatloaf,ketchup
Onion Soup Meatloaf,water
Onion Soup Meatloaf,onion soup mix
Onion Soup Meatloaf,bread crumbs
Onion Soup Meatloaf,lean ground beef
African Chicken Peanut Stew,chicken legs
African Chicken Peanut Stew,vegetable oil
African Chicken Peanut Stew,white onion
African Chicken Peanut Stew,ginger
African Chicken Peanut Stew,garlic cloves
African Chicken Peanut Stew,sweet potatoes
African Chicken Peanut Stew,crushed tomatoes
African Chicken Peanut Stew,chicken stock
African Chicken Peanut Stew,peanut butter
African Chicken Peanut Stew,roasted peanuts
African Chicken Peanut Stew,ground coriander
African Chicken Peanut Stew,cayenne
African Chicken Peanut Stew,salt
African Chicken Peanut Stew,black pepper
African Chicken Peanut Stew,chopped cilantro
Slow Cooker Chicken Noodle Soup,boneless skinless chicken breasts
Slow Cooker Chicken Noodle Soup,kosher salt
Slow Cooker Chicken Noodle Soup,freshly ground black pepper
Slow Cooker Chicken Noodle Soup,chicken stock
Slow Cooker Chicken Noodle Soup,garli
Slow Cooker Chicken Noodle Soup,onions
Slow Cooker Chicken Noodle Soup,carrots
Slow Cooker Chicken Noodle Soup,celery
Slow Cooker Chicken Noodle Soup,dried thyme
Slow Cooker Chicken Noodle Soup,dried rosemary
Slow Cooker Chicken Noodle Soup,bay leaves
Slow Cooker Chicken Noodle Soup,spaghetti
Slow Cooker Chicken Noodle Soup,lemon
Slow Cooker Chicken Noodle Soup,fresh parsley
5 Minute Creamy Tomato Soup,diced tomatoes
5 Minute Creamy Tomato Soup,milk
5 Minute Creamy Tomato Soup,basil
5 Minute Creamy Tomato Soup,garlic salt
5 Minute Creamy Tomato Soup,salt
5 Minute Creamy Tomato Soup,pepper
Miso Soup,vegetable stock
Miso Soup,water
Miso Soup,miso paste
Miso Soup,firm tofu
Miso Soup,mushrooms
Miso Soup,scallions
Ginger Butternut Squash Soup – 5 Ingredients, 30 Minutes, Only 110 calories!,butternut squash
Ginger Butternut Squash Soup – 5 Ingredients, 30 Minutes, Only 110 calories!,onions
Ginger Butternut Squash Soup – 5 Ingredients, 30 Minutes, Only 110 calories!,fresh ginger
Ginger Butternut Squash Soup – 5 Ingredients, 30 Minutes, Only 110 calories!,garlic cloves
Ginger Butternut Squash Soup – 5 Ingredients, 30 Minutes, Only 110 calories!,vegetable stock
Ginger Butternut Squash Soup – 5 Ingredients, 30 Minutes, Only 110 calories!,olive oil
Ginger Butternut Squash Soup – 5 Ingredients, 30 Minutes, Only 110 calories!,salt
Ginger Butternut Squash Soup – 5 Ingredients, 30 Minutes, Only 110 calories!,pepper
20 Minute Broccoli Cheese Soup,butter
20 Minute Broccoli Cheese Soup,onions
20 Minute Broccoli Cheese Soup,carrots
20 Minute Broccoli Cheese Soup,broccoli
20 Minute Broccoli Cheese Soup,chicken broth
20 Minute Broccoli Cheese Soup,thyme
20 Minute Broccoli Cheese Soup,pepper
20 Minute Broccoli Cheese Soup,salt
20 Minute Broccoli Cheese Soup,flour
20 Minute Broccoli Cheese Soup,light cream
20 Minute Broccoli Cheese Soup,sharp cheddar cheese
20 Minute Broccoli Cheese Soup,fresh parmesan cheese
Egg Drop Soup,chicken stock
Egg Drop Soup,green onions
Egg Drop Soup,eggs
Egg Drop Soup,egg whites
Egg Drop Soup,soy sauce
Vegan Irish Stew,olive oil
Vegan Irish Stew,celery
Vegan Irish Stew,yellow onion
Vegan Irish Stew,garli
Vegan Irish Stew,flour
Vegan Irish Stew,vegetable broth
Vegan Irish Stew,stout
Vegan Irish Stew,carrots
Vegan Irish Stew,parsnips
Vegan Irish Stew,mushrooms
Vegan Irish Stew,baby potatoes
Vegan Irish Stew,tomato paste
Vegan Irish Stew,bay leaves
Vegan Irish Stew,dried thyme
Vegan Irish Stew,brown sugar
Vegan Irish Stew,salt
Vegan Irish Stew,ground pepper
Flush the Fat Away Vegetable Soup,sweet potatoes
Flush the Fat Away Vegetable Soup,carrots
Flush the Fat Away Vegetable Soup,celery
Flush the Fat Away Vegetable Soup,yellow onion
Flush the Fat Away Vegetable Soup,garli
Flush the Fat Away Vegetable Soup,kosher salt
Flush the Fat Away Vegetable Soup,black pepper
Flush the Fat Away Vegetable Soup,allspice
Flush the Fat Away Vegetable Soup,paprik
Flush the Fat Away Vegetable Soup,bay leaf
Flush the Fat Away Vegetable Soup,navy beans
Flush the Fat Away Vegetable Soup,low sodium vegetable broth
Flush the Fat Away Vegetable Soup,diced tomatoes
Flush the Fat Away Vegetable Soup,baby spinach
Jamaican Oxtail Stew,cooking oil
Jamaican Oxtail Stew,oxtails
Jamaican Oxtail Stew,onions
Jamaican Oxtail Stew,minced garli
Jamaican Oxtail Stew,thyme
Jamaican Oxtail Stew,smoked paprik
Jamaican Oxtail Stew,ketchup
Jamaican Oxtail Stew,pepper
Jamaican Oxtail Stew,green onions
Jamaican Oxtail Stew,allspice
Jamaican Oxtail Stew,worcestershire sauce
Jamaican Oxtail Stew,curry
Jamaican Oxtail Stew,butter beans
Jamaican Oxtail Stew,browning
Jamaican Oxtail Stew,bouillon powder
Jamaican Oxtail Stew,salt
Easy Homemade Ramen,sesame oil
Easy Homemade Ramen,garli
Easy Homemade Ramen,ginger
Easy Homemade Ramen,chicken broth
Easy Homemade Ramen,shiitake
Easy Homemade Ramen,soy sauce
Easy Homemade Ramen,so
Easy Homemade Ramen,baby spinach
Easy Homemade Ramen,carrots
Easy Homemade Ramen,chives
Homemade Chicken, Ranch and Rice Soup,extra-virgin olive oil
Homemade Chicken, Ranch and Rice Soup,onions
Homemade Chicken, Ranch and Rice Soup,carrots
Homemade Chicken, Ranch and Rice Soup,celery
Homemade Chicken, Ranch and Rice Soup,minced garli
Homemade Chicken, Ranch and Rice Soup,boneless skinless chicken breasts
Homemade Chicken, Ranch and Rice Soup,rice
Homemade Chicken, Ranch and Rice Soup,chicken broth
Homemade Chicken, Ranch and Rice Soup,seasoning
Homemade Chicken, Ranch and Rice Soup,kosher salt
Homemade Chicken, Ranch and Rice Soup,cracked black pepper
Homemade Chicken, Ranch and Rice Soup,dijon mustard
Homemade Chicken, Ranch and Rice Soup,hot sauce
Light Turkey (or Chicken) & Corn Chowder,olive oil
Light Turkey (or Chicken) & Corn Chowder,yellow onion
Light Turkey (or Chicken) & Corn Chowder,celery
Light Turkey (or Chicken) & Corn Chowder,red bell pepper
Light Turkey (or Chicken) & Corn Chowder,garlic cloves
Light Turkey (or Chicken) & Corn Chowder,diced green chilies
Light Turkey (or Chicken) & Corn Chowder,low sodium chicken broth
Light Turkey (or Chicken) & Corn Chowder,frozen corn kernels
Light Turkey (or Chicken) & Corn Chowder,salt
Light Turkey (or Chicken) & Corn Chowder,ground pepper
Light Turkey (or Chicken) & Corn Chowder,all-purpose flour
Light Turkey (or Chicken) & Corn Chowder,skim milk
Light Turkey (or Chicken) & Corn Chowder,cooked turkey
Light Turkey (or Chicken) & Corn Chowder,shredded cheddar cheese
Light Turkey (or Chicken) & Corn Chowder,cayenne pepper
Light Turkey (or Chicken) & Corn Chowder,green onions
Chicken Avocado Lime Soup,boneless skinless chicken breasts
Chicken Avocado Lime Soup,olive oil
Chicken Avocado Lime Soup,green onions
Chicken Avocado Lime Soup,jalapeno chilies
Chicken Avocado Lime Soup,garli
Chicken Avocado Lime Soup,low sodium chicken broth
Chicken Avocado Lime Soup,roma tomatoes
Chicken Avocado Lime Soup,ground cumin
Chicken Avocado Lime Soup,salt
Chicken Avocado Lime Soup,freshly ground black pepper
Chicken Avocado Lime Soup,chopped cilantro
Chicken Avocado Lime Soup,fresh lime juice
Chicken Avocado Lime Soup,avocado
Chicken Avocado Lime Soup,tortilla chips
Chicken Avocado Lime Soup,jack cheese
Chicken Avocado Lime Soup,sour cream
Senate Bean Soup,dried navy beans
Senate Bean Soup,smoked ham hocks
Senate Bean Soup,unsalted butter
Senate Bean Soup,yellow onion
Senate Bean Soup,kosher salt
Senate Bean Soup,ground black pepper
Thai Ramen Pumpkin Soup,olive oil
Thai Ramen Pumpkin Soup,onions
Thai Ramen Pumpkin Soup,ginger
Thai Ramen Pumpkin Soup,garlic cloves
Thai Ramen Pumpkin Soup,shiitake
Thai Ramen Pumpkin Soup,salt
Thai Ramen Pumpkin Soup,chicken broth
Thai Ramen Pumpkin Soup,light coconut milk
Thai Ramen Pumpkin Soup,pumpkin purée
Thai Ramen Pumpkin Soup,Srirach
Thai Ramen Pumpkin Soup,chicken breasts
Thai Ramen Pumpkin Soup,ramen noodles
Creamy Broccoli Soup,broccoli
Creamy Broccoli Soup,onions
Creamy Broccoli Soup,carrots
Creamy Broccoli Soup,mushrooms
Creamy Broccoli Soup,vegetable broth
Creamy Broccoli Soup,almond milk
Creamy Broccoli Soup,nutritional yeast
Slow Cookers Vegetable Beef Soup,beef stew meat
Slow Cookers Vegetable Beef Soup,diced tomatoes
Slow Cookers Vegetable Beef Soup,sliced carrots
Slow Cookers Vegetable Beef Soup,cubed potatoes
Slow Cookers Vegetable Beef Soup,green beans
Slow Cookers Vegetable Beef Soup,chopped onion
Slow Cookers Vegetable Beef Soup,water
White Chicken Chili,skinless chicken breasts
White Chicken Chili,great northern beans
White Chicken Chili,green chile
White Chicken Chili,fat-free chicken broth
White Chicken Chili,onions
White Chicken Chili,jalapeno chilies
White Chicken Chili,lime
White Chicken Chili,canola oil
White Chicken Chili,garlic cloves
White Chicken Chili,ground coriander
White Chicken Chili,ground cumin
White Chicken Chili,chili powder
White Chicken Chili,cilantro
White Chicken Chili,reduced-fat sour cream
White Chicken Chili,kosher salt
White Chicken Chili,black pepper
Potato Soup (Poor Man's Soup),bacon slices
Potato Soup (Poor Man's Soup),onions
Potato Soup (Poor Man's Soup),potatoes
Potato Soup (Poor Man's Soup),milk
Potato Soup (Poor Man's Soup),salt
Potato Soup (Poor Man's Soup),pepper
Cheddar Corn Soup That Will Warm Your Heart (And Your Tummy),sweet corn
Cheddar Corn Soup That Will Warm Your Heart (And Your Tummy),1% low-fat milk
Cheddar Corn Soup That Will Warm Your Heart (And Your Tummy),heavy whipping cream
Cheddar Corn Soup That Will Warm Your Heart (And Your Tummy),sharp cheddar cheese
Cheddar Corn Soup That Will Warm Your Heart (And Your Tummy),onion powder
Cheddar Corn Soup That Will Warm Your Heart (And Your Tummy),salt
Cheddar Corn Soup That Will Warm Your Heart (And Your Tummy),cracked black pepper
Tomato Soup,shallots
Tomato Soup,garli
Tomato Soup,canned tomatoes
Tomato Soup,vegetable stock
Tomato Soup,fresh basil
Tomato Soup,salt
Tomato Soup,pepper
Crockpot French Onion Soup,sweet onion
Crockpot French Onion Soup,garlic cloves
Crockpot French Onion Soup,butter
Crockpot French Onion Soup,balsamic vinegar
Crockpot French Onion Soup,brown sugar
Crockpot French Onion Soup,flour
Crockpot French Onion Soup,beer
Crockpot French Onion Soup,low sodium beef stock
Crockpot French Onion Soup,fresh thyme
Crockpot French Onion Soup,black pepper
Crockpot French Onion Soup,salt
Crockpot French Onion Soup,french bread
Crockpot French Onion Soup,gruyere cheese
Easy Vietnamese Pho,low sodium chicken broth
Easy Vietnamese Pho,cooked chicken
Easy Vietnamese Pho,beansprouts
Easy Vietnamese Pho,rice vermicelli
Easy Vietnamese Pho,Italian basil
Easy Vietnamese Pho,cilantro
Easy Vietnamese Pho,hoisin sauce
Easy Vietnamese Pho,Srirach
Easy Vietnamese Pho,lime wedges
Lentil Soup with Sausage, Chard and Garlic,olive oil
Lentil Soup with Sausage, Chard and Garlic,sausage casings
Lentil Soup with Sausage, Chard and Garlic,onions
Lentil Soup with Sausage, Chard and Garlic,celery ribs
Lentil Soup with Sausage, Chard and Garlic,medium carrot
Lentil Soup with Sausage, Chard and Garlic,garli
Lentil Soup with Sausage, Chard and Garlic,kosher salt
Lentil Soup with Sausage, Chard and Garlic,crushed red pepper flakes
Lentil Soup with Sausage, Chard and Garlic,brown lentils
Lentil Soup with Sausage, Chard and Garlic,bay leaves
Lentil Soup with Sausage, Chard and Garlic,crushed tomatoes
Lentil Soup with Sausage, Chard and Garlic,water
Lentil Soup with Sausage, Chard and Garlic,freshly ground black pepper
Lentil Soup with Sausage, Chard and Garlic,leaves
Lentil Soup with Sausage, Chard and Garlic,pecorino romano cheese
Slow Cooker Corned Beef and Cabbage Soup,beef brisket
Slow Cooker Corned Beef and Cabbage Soup,potatoes
Slow Cooker Corned Beef and Cabbage Soup,carrots
Slow Cooker Corned Beef and Cabbage Soup,onions
Slow Cooker Corned Beef and Cabbage Soup,green cabbage
Slow Cooker Corned Beef and Cabbage Soup,low sodium broth
Irish Potato Soup,garli
Irish Potato Soup,olive oil
Irish Potato Soup,salt
Irish Potato Soup,yellow onion
Irish Potato Soup,ground black pepper
Irish Potato Soup,yukon gold potatoes
Irish Potato Soup,low sodium vegetable broth
Irish Potato Soup,milk
Irish Potato Soup,parmesan cheese
Japanese Onion Soup,chicken broth
Japanese Onion Soup,beef broth
Japanese Onion Soup,mushrooms
Japanese Onion Soup,green onions
Crockpot Beef Stew,chuck roast
Crockpot Beef Stew,russet potatoes
Crockpot Beef Stew,carrots
Crockpot Beef Stew,onions
Crockpot Beef Stew,garli
Crockpot Beef Stew,beef broth
Crockpot Beef Stew,celery
Crockpot Beef Stew,salt
Crockpot Beef Stew,pepper
Simple, Hearty, Chicken and Rice Soup,white rice
Simple, Hearty, Chicken and Rice Soup,chicken breasts
Simple, Hearty, Chicken and Rice Soup,chicken stock cubes
Simple, Hearty, Chicken and Rice Soup,water
Simple, Hearty, Chicken and Rice Soup,onions
Simple, Hearty, Chicken and Rice Soup,green bell pepper
Simple, Hearty, Chicken and Rice Soup,pimentos
Simple, Hearty, Chicken and Rice Soup,celery
Simple, Hearty, Chicken and Rice Soup,butter
Simple, Hearty, Chicken and Rice Soup,flour
Simple, Hearty, Chicken and Rice Soup,yellow food coloring
Apple Carrot Ginger Soup – #glutenfree #vegan,olive oil
Apple Carrot Ginger Soup – #glutenfree #vegan,carrots
Apple Carrot Ginger Soup – #glutenfree #vegan,onions
Apple Carrot Ginger Soup – #glutenfree #vegan,apples
Apple Carrot Ginger Soup – #glutenfree #vegan,broth
Apple Carrot Ginger Soup – #glutenfree #vegan,cinnamon
Apple Carrot Ginger Soup – #glutenfree #vegan,fresh ginger
Spring Vegetable Quinoa Minestrone,olive oil
Spring Vegetable Quinoa Minestrone,garli
Spring Vegetable Quinoa Minestrone,white onion
Spring Vegetable Quinoa Minestrone,sliced carrots
Spring Vegetable Quinoa Minestrone,diced tomatoes
Spring Vegetable Quinoa Minestrone,water
Spring Vegetable Quinoa Minestrone,white quino
Spring Vegetable Quinoa Minestrone,italian seasoning
Spring Vegetable Quinoa Minestrone,bay leaves
Spring Vegetable Quinoa Minestrone,salt
Spring Vegetable Quinoa Minestrone,pepper
Spring Vegetable Quinoa Minestrone,zucchini
Spring Vegetable Quinoa Minestrone,asparagus
Spring Vegetable Quinoa Minestrone,kale
Spring Vegetable Quinoa Minestrone,frozen peas
Spring Vegetable Quinoa Minestrone,nutritional yeast
Recipe for Slow Cooker Copycat Olive Garden Pasta e Fagioli Soup,ground beef
Recipe for Slow Cooker Copycat Olive Garden Pasta e Fagioli Soup,onions
Recipe for Slow Cooker Copycat Olive Garden Pasta e Fagioli Soup,shredded carrots
Recipe for Slow Cooker Copycat Olive Garden Pasta e Fagioli Soup,celery
Recipe for Slow Cooker Copycat Olive Garden Pasta e Fagioli Soup,garli
Recipe for Slow Cooker Copycat Olive Garden Pasta e Fagioli Soup,crushed tomatoes
Recipe for Slow Cooker Copycat Olive Garden Pasta e Fagioli Soup,tomato sauce
Recipe for Slow Cooker Copycat Olive Garden Pasta e Fagioli Soup,beef broth
Recipe for Slow Cooker Copycat Olive Garden Pasta e Fagioli Soup,red kidney beans
Recipe for Slow Cooker Copycat Olive Garden Pasta e Fagioli Soup,great northern beans
Recipe for Slow Cooker Copycat Olive Garden Pasta e Fagioli Soup,salt
Recipe for Slow Cooker Copycat Olive Garden Pasta e Fagioli Soup,dried oregano
Recipe for Slow Cooker Copycat Olive Garden Pasta e Fagioli Soup,dried basil
Recipe for Slow Cooker Copycat Olive Garden Pasta e Fagioli Soup,dried thyme
Recipe for Slow Cooker Copycat Olive Garden Pasta e Fagioli Soup,pepper
Recipe for Slow Cooker Copycat Olive Garden Pasta e Fagioli Soup,apple juice
Recipe for Slow Cooker Copycat Olive Garden Pasta e Fagioli Soup,ditalini past
Recipe for Slow Cooker Copycat Olive Garden Pasta e Fagioli Soup,parmesan cheese
Recipe for Slow Cooker Copycat Olive Garden Pasta e Fagioli Soup,garlic powder
Recipe for Slow Cooker Copycat Olive Garden Pasta e Fagioli Soup,oregano
Recipe for Slow Cooker Copycat Olive Garden Pasta e Fagioli Soup,basil
Recipe for Slow Cooker Copycat Olive Garden Pasta e Fagioli Soup,seasoning
Recipe for Slow Cooker Copycat Olive Garden Pasta e Fagioli Soup,carrots
Recipe for Slow Cooker Copycat Olive Garden Pasta e Fagioli Soup,thyme
Recipe for Slow Cooker Copycat Olive Garden Pasta e Fagioli Soup,broth
Recipe for Slow Cooker Copycat Olive Garden Pasta e Fagioli Soup,kidney beans
Healing Broth,carrots
Healing Broth,sweet potatoes
Healing Broth,celery
Healing Broth,onions
Healing Broth,parsley
Healing Broth,shiitake
Healing Broth,tomatoes
Healing Broth,garli
Healing Broth,fresh ginger root
Healing Broth,turmeric root
Healing Broth,water
Healing Broth,chili pepper
Chicken Noodle Soup,vegetable oil
Chicken Noodle Soup,onions
Chicken Noodle Soup,chicken
Chicken Noodle Soup,water
Chicken Noodle Soup,bay leaf
Chicken Noodle Soup,table salt
Chicken Noodle Soup,freshly ground black pepper
Chicken Noodle Soup,large carrots
Chicken Noodle Soup,parsnips
Chicken Noodle Soup,celery ribs
Chicken Noodle Soup,egg noodles
Chicken Noodle Soup,fresh dill
African Chicken Stew,oil
African Chicken Stew,chicken
African Chicken Stew,roma tomatoes
African Chicken Stew,onions
African Chicken Stew,minced garli
African Chicken Stew,dried thyme
African Chicken Stew,paprik
African Chicken Stew,curry powder
African Chicken Stew,bay leaf
African Chicken Stew,Maggi
African Chicken Stew,green onions
African Chicken Stew,parsley
African Chicken Stew,sliced carrots
African Chicken Stew,salt
African Chicken Stew,pepper
Gazpacho,garli
Gazpacho,purple onion
Gazpacho,cucumber
Gazpacho,roma tomatoes
Gazpacho,zucchini
Gazpacho,celery
Gazpacho,salt
Gazpacho,tomato juice
Gazpacho,extra-virgin olive oil
Gazpacho,red wine vinegar
Gazpacho,white sugar
Gazpacho,Tabasco Pepper Sauce
Gazpacho,black pepper
Chicken, Sweet Potato, and Black Bean Stew,olive oil
Chicken, Sweet Potato, and Black Bean Stew,onions
Chicken, Sweet Potato, and Black Bean Stew,chicken broth
Chicken, Sweet Potato, and Black Bean Stew,fire roasted diced tomatoes
Chicken, Sweet Potato, and Black Bean Stew,black beans
Chicken, Sweet Potato, and Black Bean Stew,smoked paprik
Chicken, Sweet Potato, and Black Bean Stew,salt
Chicken, Sweet Potato, and Black Bean Stew,pepper
Chicken, Sweet Potato, and Black Bean Stew,sweet potatoes
Chicken, Sweet Potato, and Black Bean Stew,chicken
Chicken, Sweet Potato, and Black Bean Stew,fresh parsley
Fall Detox Vegetable Soup,olive oil
Fall Detox Vegetable Soup,onions
Fall Detox Vegetable Soup,carrots
Fall Detox Vegetable Soup,celery ribs
Fall Detox Vegetable Soup,garlic cloves
Fall Detox Vegetable Soup,sweet potatoes
Fall Detox Vegetable Soup,butternut squash
Fall Detox Vegetable Soup,cauliflower florets
Fall Detox Vegetable Soup,cabbage
Fall Detox Vegetable Soup,diced tomatoes
Fall Detox Vegetable Soup,vegetable stock
Fall Detox Vegetable Soup,italian seasoning
Fall Detox Vegetable Soup,cracked black pepper
Fall Detox Vegetable Soup,sea salt
Fall Detox Vegetable Soup,chopped parsley
French Onion Soup,yellow onion
French Onion Soup,unsalted butter
French Onion Soup,vegetable oil
French Onion Soup,salt
French Onion Soup,cracked black pepper
French Onion Soup,thyme
French Onion Soup,sugar
French Onion Soup,beef broth
French Onion Soup,flour
French Onion Soup,baguette
French Onion Soup,shredded swiss cheese
How to Make Bone Broth,beef bones
How to Make Bone Broth,organic carrots
How to Make Bone Broth,white onion
How to Make Bone Broth,garli
How to Make Bone Broth,celery
How to Make Bone Broth,bay leaves
How to Make Bone Broth,water
Tomato Basil Soup – #glutenfree #vegan,oil
Tomato Basil Soup – #glutenfree #vegan,onions
Tomato Basil Soup – #glutenfree #vegan,roma tomatoes
Tomato Basil Soup – #glutenfree #vegan,fresh basil
Tomato Basil Soup – #glutenfree #vegan,vegetable broth
Tomato Basil Soup – #glutenfree #vegan,creamer
Tomato Basil Soup – #glutenfree #vegan,gluten-free flour
Creamy White Bean Tomato Soup - perfect for any time of the year!,olive oil
Creamy White Bean Tomato Soup - perfect for any time of the year!,onions
Creamy White Bean Tomato Soup - perfect for any time of the year!,cannellini beans
Creamy White Bean Tomato Soup - perfect for any time of the year!,vegetable broth
Creamy White Bean Tomato Soup - perfect for any time of the year!,crushed tomatoes
Potato Leek Soup,unsalted butter
Potato Leek Soup,leeks
Potato Leek Soup,garli
Potato Leek Soup,yukon gold potatoes
Potato Leek Soup,low sodium chicken
Potato Leek Soup,bay leaves
Potato Leek Soup,fresh thyme
Potato Leek Soup,salt
Potato Leek Soup,ground black pepper
Potato Leek Soup,heavy cream
Potato Leek Soup,chives
Creamy Carrot Ginger Soup,unsalted butter
Creamy Carrot Ginger Soup,white onion
Creamy Carrot Ginger Soup,low sodium fat free vegetable broth
Creamy Carrot Ginger Soup,baby carrots
Creamy Carrot Ginger Soup,fresh ginger
Creamy Carrot Ginger Soup,non-fat sour cream
Creamy Carrot Ginger Soup,salt
Creamy Carrot Ginger Soup,white pepper
Creamy Carrot Ginger Soup,fresh chives
Low Fat Creamy Mushroom Soup,flour
Low Fat Creamy Mushroom Soup,water
Low Fat Creamy Mushroom Soup,chicken
Low Fat Creamy Mushroom Soup,shiitake
Low Fat Creamy Mushroom Soup,crimini mushrooms
Low Fat Creamy Mushroom Soup,celery ribs
Low Fat Creamy Mushroom Soup,light butter
Easy Tomato Orzo Soup with Shrimp and Spinach,orzo
Easy Tomato Orzo Soup with Shrimp and Spinach,tomato soup
Easy Tomato Orzo Soup with Shrimp and Spinach,onions
Easy Tomato Orzo Soup with Shrimp and Spinach,zucchini
Easy Tomato Orzo Soup with Shrimp and Spinach,fresh spinach
Easy Tomato Orzo Soup with Shrimp and Spinach,shrimp
Easy Tomato Orzo Soup with Shrimp and Spinach,dried basil
Easy Tomato Orzo Soup with Shrimp and Spinach,olive oil
​Creamy Spinach Soup,russet potatoes
​Creamy Spinach Soup,vegetable broth
​Creamy Spinach Soup,baby spinach leaves
​Creamy Spinach Soup,salt
​Creamy Spinach Soup,cream
Ultimate Loaded Baked Potato Soup,bacon
Ultimate Loaded Baked Potato Soup,butter
Ultimate Loaded Baked Potato Soup,all-purpose flour
Ultimate Loaded Baked Potato Soup,milk
Ultimate Loaded Baked Potato Soup,potatoes
Ultimate Loaded Baked Potato Soup,green onions
Ultimate Loaded Baked Potato Soup,sharp cheddar cheese
Ultimate Loaded Baked Potato Soup,sour cream
Ultimate Loaded Baked Potato Soup,salt
Ultimate Loaded Baked Potato Soup,ground black pepper
Detox Diet Soup,cabbage
Detox Diet Soup,chopped celery
Detox Diet Soup,chopped onion
Detox Diet Soup,carrots
Detox Diet Soup,diced tomatoes
Detox Diet Soup,roasted red peppers
Detox Diet Soup,chopped garli
Detox Diet Soup,tomato paste
Detox Diet Soup,bay leaves
Detox Diet Soup,dried thyme
Detox Diet Soup,rubbed sage
Detox Diet Soup,balsamic vinegar
Detox Diet Soup,vegetable broth
Detox Diet Soup,salt
Detox Diet Soup,black pepper
Cream of Broccoli,butter
Cream of Broccoli,onions
Cream of Broccoli,celery ribs
Cream of Broccoli,chicken broth
Cream of Broccoli,broccoli florets
Cream of Broccoli,all-purpose flour
Cream of Broccoli,milk
Cream of Broccoli,pepper
Cream of Broccoli,salt
Healthy Creamy Tomato Soup,roma tomatoes
Healthy Creamy Tomato Soup,cherry tomatoes
Healthy Creamy Tomato Soup,garli
Healthy Creamy Tomato Soup,olive oil
Healthy Creamy Tomato Soup,onions
Healthy Creamy Tomato Soup,diced tomatoes
Healthy Creamy Tomato Soup,chicken stock
Healthy Creamy Tomato Soup,greek yogurt
Healthy Creamy Tomato Soup,paprik
Healthy Creamy Tomato Soup,red pepper flakes
Healthy Creamy Tomato Soup,salt
Healthy Creamy Tomato Soup,pepper
Healthy Creamy Tomato Soup,fresh basil
Roasted Tomato Soup,roma tomatoes
Roasted Tomato Soup,garlic cloves
Roasted Tomato Soup,shallots
Roasted Tomato Soup,olive oil
Roasted Tomato Soup,chicken stock
Roasted Tomato Soup,bay leaves
Roasted Tomato Soup,butter
Roasted Tomato Soup,fresh basil leaves
Roasted Tomato Soup,heavy cream
Smoky Tomato Lentil Soup With Spinach & Olives,olive oil
Smoky Tomato Lentil Soup With Spinach & Olives,yellow onion
Smoky Tomato Lentil Soup With Spinach & Olives,garli
Smoky Tomato Lentil Soup With Spinach & Olives,dried thyme
Smoky Tomato Lentil Soup With Spinach & Olives,paprik
Smoky Tomato Lentil Soup With Spinach & Olives,brown lentils
Smoky Tomato Lentil Soup With Spinach & Olives,vegetable broth
Smoky Tomato Lentil Soup With Spinach & Olives,salt
Smoky Tomato Lentil Soup With Spinach & Olives,black pepper
Smoky Tomato Lentil Soup With Spinach & Olives,tomatoes
Smoky Tomato Lentil Soup With Spinach & Olives,baby spinach
Smoky Tomato Lentil Soup With Spinach & Olives,kalamat
Low-Carb Pumpkin And Coconut Soup,onions
Low-Carb Pumpkin And Coconut Soup,ginger
Low-Carb Pumpkin And Coconut Soup,garli
Low-Carb Pumpkin And Coconut Soup,butter
Low-Carb Pumpkin And Coconut Soup,pumpkin
Low-Carb Pumpkin And Coconut Soup,vegetable stock
Low-Carb Pumpkin And Coconut Soup,coconut cream
Low-Carb Pumpkin And Coconut Soup,salt
Low-Carb Pumpkin And Coconut Soup,pepper
Black Bean Soup,extra-virgin olive oil
Black Bean Soup,yellow onion
Black Bean Soup,large garlic cloves
Black Bean Soup,carrots
Black Bean Soup,black beans
Black Bean Soup,low sodium chicken broth
Black Bean Soup,oregano
Black Bean Soup,ground coriander
Black Bean Soup,ground cumin
Black Bean Soup,cayenne pepper
Black Bean Soup,salt
Black Bean Soup,fresh lime juice
Black Bean Soup,sour cream
Black Bean Soup,chopped fresh cilantro
Easy Thai Coconut Chicken Soup,boneless skinless chicken breasts
Easy Thai Coconut Chicken Soup,vegetable oil
Easy Thai Coconut Chicken Soup,red bell pepper
Easy Thai Coconut Chicken Soup,onions
Easy Thai Coconut Chicken Soup,garli
Easy Thai Coconut Chicken Soup,ginger
Easy Thai Coconut Chicken Soup,red curry paste
Easy Thai Coconut Chicken Soup,chicken broth
Easy Thai Coconut Chicken Soup,coconut milk
Easy Thai Coconut Chicken Soup,brown sugar
Easy Thai Coconut Chicken Soup,rice noodles
Easy Thai Coconut Chicken Soup,lime
Easy Thai Coconut Chicken Soup,chopped fresh cilantro
Easy Thai Coconut Chicken Soup,lime wedges
Easy Thai Coconut Chicken Soup,Srirach
Lentil Soup,olive oil
Lentil Soup,onions
Lentil Soup,carrots
Lentil Soup,celery
Lentil Soup,kosher salt
Lentil Soup,lentils
Lentil Soup,chopped tomatoes
Lentil Soup,low sodium chicken broth
Lentil Soup,ground coriander
Lentil Soup,cumin
Lentil Soup,ground cardamom
Lemon and Rosemary Chicken Soup,olive oil
Lemon and Rosemary Chicken Soup,carrots
Lemon and Rosemary Chicken Soup,white onion
Lemon and Rosemary Chicken Soup,diced celery
Lemon and Rosemary Chicken Soup,garli
Lemon and Rosemary Chicken Soup,boneless skinless chicken breasts
Lemon and Rosemary Chicken Soup,lemon
Lemon and Rosemary Chicken Soup,chicken broth
Lemon and Rosemary Chicken Soup,crushed red pepper
Lemon and Rosemary Chicken Soup,rosemary
Lemon and Rosemary Chicken Soup,bay leaf
Rustic Cabbage Soup,extra-virgin olive oil
Rustic Cabbage Soup,salt
Rustic Cabbage Soup,potatoes
Rustic Cabbage Soup,garli
Rustic Cabbage Soup,yellow onion
Rustic Cabbage Soup,stock
Rustic Cabbage Soup,white beans
Rustic Cabbage Soup,cabbage
Rustic Cabbage Soup,parmesan cheese
Carrot Soup,leeks
Carrot Soup,small potatoes
Carrot Soup,large carrots
Carrot Soup,garlic cloves
Carrot Soup,purple onion
Carrot Soup,olive oil
Carrot Soup,pumpkin seeds
Cream of Asparagus Soup,asparagus
Cream of Asparagus Soup,unsalted butter
Cream of Asparagus Soup,onions
Cream of Asparagus Soup,reduced sodium chicken broth
Cream of Asparagus Soup,low-fat sour cream
Cream of Asparagus Soup,kosher salt
Cream of Asparagus Soup,pepper
Easy Pumpkin Soup – #glutenfree #vegan,pumpkin purée
Easy Pumpkin Soup – #glutenfree #vegan,white beans
Easy Pumpkin Soup – #glutenfree #vegan,creamer
Easy Pumpkin Soup – #glutenfree #vegan,vegetable broth
Easy Pumpkin Soup – #glutenfree #vegan,maple syrup
Chicken and Dumplings,butter
Chicken and Dumplings,olive oil
Chicken and Dumplings,all-purpose flour
Chicken and Dumplings,chicken
Chicken and Dumplings,pepper
Chicken and Dumplings,salt
Chicken and Dumplings,carrots
Chicken and Dumplings,diced celery
Chicken and Dumplings,onions
Chicken and Dumplings,thyme
Chicken and Dumplings,turmeri
Chicken and Dumplings,low sodium chicken broth
Chicken and Dumplings,apple cider
Chicken and Dumplings,heavy cream
Chicken and Dumplings,dumplings
Chicken and Dumplings,yellow cornmeal
Chicken and Dumplings,baking powder
Chicken and Dumplings,kosher salt
Chicken and Dumplings,half & half
Chicken and Dumplings,fresh parsley
Hearty White Bean Soup,stock
Hearty White Bean Soup,white beans
Hearty White Bean Soup,garli
Hearty White Bean Soup,organic carrots
Hearty White Bean Soup,celery ribs
Hearty White Bean Soup,bay leaf
Hearty White Bean Soup,yellow onion
Hearty White Bean Soup,olive oil
Hearty White Bean Soup,parsley
Hearty White Bean Soup,sage
Hearty White Bean Soup,thyme
Hearty White Bean Soup,salt
{Slow Cooker} Spaghetti and Meatball Soup,frozen meatballs
{Slow Cooker} Spaghetti and Meatball Soup,pasta sauce
{Slow Cooker} Spaghetti and Meatball Soup,beef broth
{Slow Cooker} Spaghetti and Meatball Soup,water
{Slow Cooker} Spaghetti and Meatball Soup,dried basil
{Slow Cooker} Spaghetti and Meatball Soup,grated parmesan cheese
{Slow Cooker} Spaghetti and Meatball Soup,angel hair
5 Ingredient Tomato Soup,tomatoes
5 Ingredient Tomato Soup,olive oil
5 Ingredient Tomato Soup,garli
5 Ingredient Tomato Soup,chicken stock
5 Ingredient Tomato Soup,salt and ground black pepper
5 Ingredient Tomato Soup,yoghurt
Curried Sweet Potato Soup,olive oil
Curried Sweet Potato Soup,onions
Curried Sweet Potato Soup,curry powder
Curried Sweet Potato Soup,sweet potatoes
Curried Sweet Potato Soup,vegetable broth
Curried Sweet Potato Soup,salt
Curried Sweet Potato Soup,whole milk
Curried Sweet Potato Soup,greek yogurt
Curried Sweet Potato Soup,cilantro leaves
Coconut Corn Soup - #glutenfree #vegan,onions
Coconut Corn Soup - #glutenfree #vegan,red bell pepper
Coconut Corn Soup - #glutenfree #vegan,broth
Coconut Corn Soup - #glutenfree #vegan,unsweetened coconut milk
Coconut Corn Soup - #glutenfree #vegan,corn
Coconut Corn Soup - #glutenfree #vegan,salt
Coconut Corn Soup - #glutenfree #vegan,pepper
Classic New England Clam Chowder,cherrystone clams
Classic New England Clam Chowder,water
Classic New England Clam Chowder,bacon slices
Classic New England Clam Chowder,spanish onion
Classic New England Clam Chowder,flour
Classic New England Clam Chowder,red potato
Classic New England Clam Chowder,chopped fresh thyme
Classic New England Clam Chowder,fresh parsley
Classic New England Clam Chowder,heavy cream
Spicy Lentil Soup with Bacon,dried lentils
Spicy Lentil Soup with Bacon,olive oil
Spicy Lentil Soup with Bacon,onions
Spicy Lentil Soup with Bacon,garli
Spicy Lentil Soup with Bacon,reduced sodium beef broth
Spicy Lentil Soup with Bacon,old bay seasoning
Spicy Lentil Soup with Bacon,cooked bacon
Hearty Chicken Stew,boneless skinless chicken breasts
Hearty Chicken Stew,reduced sodium chicken broth
Hearty Chicken Stew,chopped tomatoes
Hearty Chicken Stew,parsley
Hearty Chicken Stew,basil
Hearty Chicken Stew,oregano
Hearty Chicken Stew,pepper
Hearty Chicken Stew,carrots
Hearty Chicken Stew,potatoes
Crock Pot Beef Stew,stew meat
Crock Pot Beef Stew,potatoes
Crock Pot Beef Stew,mushrooms
Crock Pot Beef Stew,carrots
Crock Pot Beef Stew,celery
Crock Pot Beef Stew,onions
Crock Pot Beef Stew,garli
Crock Pot Beef Stew,tomato paste
Crock Pot Beef Stew,gluten-free Worcestershire sauce
Crock Pot Beef Stew,salt
Crock Pot Beef Stew,dried thyme
Crock Pot Beef Stew,pepper
Crock Pot Beef Stew,dried rosemary
Crock Pot Beef Stew,bay leaf
Crock Pot Beef Stew,gluten free beef broth
Crock Pot Beef Stew,gluten-free flour
Crock Pot Beef Stew,frozen peas
Homemade Onion Soup Mix,onion flakes
Homemade Onion Soup Mix,beef
Homemade Onion Soup Mix,onion powder
Homemade Onion Soup Mix,paprik
Homemade Onion Soup Mix,garlic powder
Homemade Onion Soup Mix,black pepper
Really Good Vegetable Soup,vegetable stock
Really Good Vegetable Soup,salt
Really Good Vegetable Soup,white wine
Really Good Vegetable Soup,acorn squash
Really Good Vegetable Soup,yukon gold potatoes
Really Good Vegetable Soup,carrots
Really Good Vegetable Soup,plum tomatoes
Really Good Vegetable Soup,white rice
Really Good Vegetable Soup,frozen peas
Really Good Vegetable Soup,frozen corn
Really Good Vegetable Soup,fresh oregano
Really Good Vegetable Soup,chopped parsley
Really Good Vegetable Soup,fresh lemon juice
Really Good Vegetable Soup,safflower oil
Really Good Vegetable Soup,leeks
Really Good Vegetable Soup,onions
Really Good Vegetable Soup,garli
Really Good Vegetable Soup,celery
Really Good Vegetable Soup,fresh parsley
Really Good Vegetable Soup,bay leaves
Really Good Vegetable Soup,peppercorns
Ham and Poato Soup,cooked ham
Ham and Poato Soup,potatoes
Ham and Poato Soup,celery
Ham and Poato Soup,onions
Ham and Poato Soup,chicken broth
Ham and Poato Soup,milk
Ham and Poato Soup,all-purpose flour
Ham and Poato Soup,butter
Ham and Poato Soup,salt
Ham and Poato Soup,pepper
Ham and Poato Soup,spring onions
